SMILES,database,MolLogP,Acceptor_Count,Donor_Count,NumRotatableBonds,RingCount,MolWt,Experimental IC50 (log10),pdCSM-PPI
CSCC[C@H]1NC(=O)CSC[C@H](NC(=O)[C@H](CC(=O)O)NC(=O)CNC(=O)[C@H](CCCN=C(N)N)NC1=O)C(=O)O,timbal,-3.8454,9,9,10,1,620.711,7.55284196865778,8.21
CC1CC(C)CN(C1)C2CC(N(C2)S(=O)(=O)c3cccc(c3)C#N)C(=O)NC(Cc4ccc(NC(=O)c5c(Cl)cncc5Cl)cc4)C(=O)O,timbal,4.43398,7,4,10,5,727.671,9.85387196432176,8.32
Cc1cc(Cl)cc([C@@H](CC(=O)O)NC(=O)CNC(=O)c2cc(O)cc(NC3=NCC(O)CN3)c2)c1O,timbal,0.85362,7,8,8,3,519.942,6.16241156176449,7.32
NC(=N)NCCC[C@@H]1NC(=O)[C@H](Cc2c[nH]cn2)NC(=O)CSC[C@H](NC(=O)[C@H](CC(=O)O)NC(=O)CNC1=O)C(=O)O,timbal,-4.42303,10,12,9,2,626.653,8.52287874528034,6.62
OC(=O)CC(NC(=O)C1CCCN(C1)C(=O)CCC2CCNCC2)c3cncc(c3)c4ccsc4,timbal,3.4605,5,4,9,4,498.649,8.69897000433602,9.04
Cc1ccccc1NC(=O)Nc2ccc(CC(=O)N3C[C@@H](F)C[C@H]3COc4ccc(cc4)C(=O)O)cc2C,timbal,5.20614,6,4,8,4,519.573,8.63827216398241,5.98
OC(=O)C[C@H](NC(=O)CN1CC[C@H](CCc2ccc3CCCNc3n2)C1=O)c4ccc5CCCc5c4,timbal,3.0417,5,4,9,5,490.604,7.53760200210104,7.61
COc1ccc(cc1)C2=C(C(=O)N(C)N=C2)c3ccc(C[C@H](NC(=O)c4c(Cl)cccc4Cl)C(=O)O)cc3,timbal,4.8554,6,2,8,4,552.414,6.46852108295774,7.47
COc1ccccc1c2ccc(C[C@H](NC(=O)C3(CCNCC3)c4cccnc4)C(=O)O)cc2,timbal,3.1905,5,3,8,4,459.546,7.08092190762393,7.7
COc1cccc(OC)c1c2ccc(C[C@H](NC(=O)[C@@]3(CCCCO)CCCO3)C(=O)O)cc2,timbal,3.1945,7,3,12,3,471.55,6.06048074738138,8.38
N[C@@H](Cc1ccccc1)C(=O)N[C@H]2CSSC[C@H](NC(=O)[C@@H]3CCCN3C(=O)[C@H](CO)NC2=O)C(=O)O,timbal,-1.5263,7,7,6,3,553.663,5.82390874094432,6.31
CNC(=O)[C@H](Cc1ccc2ccccc2c1)N3CCC(=O)N(Cc4ccc(cc4)N(C)C)[C@@H](CC(C)C)C3=O,timbal,4.2387,3,3,9,4,528.697,6.09691001300806,5.77
NC(=N)NCCC[C@@H]1NC(=O)C[C@@H]2N(Cc3ccccc3)C(=O)[C@@H](CNC(=O)[C@H](CC(=O)O)NC(=O)CNC1=O)N(Cc4ccccc4)C2=O,timbal,-1.86153,8,10,10,5,691.746,9.69897000433602,7.04
OC(=O)C[C@@H](NC(=O)CNC(=O)c1cc(O)cc(NC2=NCCCN2)c1)c3cc(Cl)cc(Br)c3O,timbal,2.3369,6,7,8,3,568.812,5.56224943717961,6.68
C[C@]1(CCCN1S(=O)(=O)c2cc(Cl)cc(Cl)c2)C(=O)N[C@@H](Cc3ccccc3)C(=O)O,timbal,3.3487,5,2,7,3,485.389,5.4502612687351,6.68
NC(=N)NCCC[C@@H]1NC(=O)[C@@H](Cc2ccc(O)cc2)NC(=O)C[S+]([O-])C[C@H](NC(=O)[C@H](CC(=O)O)NC(=O)CNC1=O)C(=O)O,timbal,-4.42503,10,11,9,2,668.686,7.39794000867204,8.52
Cn1nc(CC(CC(=O)O)c2ccc3OCOc3c2)cc1OCCc4ccc5CCCNc5n4,timbal,3.3244,7,2,9,5,464.522,8.95860731484177,7.6
Cc1cc(C)c(c(C)c1)S(=O)(=O)N[C@@H](CNC(=O)CO[C@@H]2C[C@@H](CNc3ccccn3)N(C2)C(=O)OCc4ccccc4)C(=O)O,timbal,2.76296,9,5,14,4,653.758,8.43179827593301,7.19
CCCCC\N=C/1\C(\C(=C1O)O)=N\[C@@H](Cc2ccc(NC(=O)c3c(Cl)cncc3Cl)cc2)C(=O)O,timbal,3.615,6,4,10,3,519.385,9,7.4
OC1CNC(=NC1)Nc2cncc(c2)C(=O)NCC(=O)N[C@H](CC(=O)O)c3cc(Br)cc(Cl)c3O,timbal,0.9971,7,7,8,3,569.8,9,8.62
CC(C)(C)OC(=O)N[C@@H](CCCCN)C(=O)N1CCCC(C1)C(=O)NCCCC(=O)O,timbal,1.2283,6,5,11,1,442.557,5.11918640771921,6.48
CCN(CC)c1nc(N[C@@H](Cc2ccc(NC(=O)c3c(Cl)cncc3Cl)cc2)C(=O)O)nc(OC)n1,timbal,3.7883,8,3,11,3,534.404,5.79048498545737,7.77
COc1ccccc1c2ccc(C[C@H](NC(=O)[C@]3(CCCO3)c4ccc(Cl)cc4)C(=O)O)cc2,timbal,4.8334,5,2,8,4,479.96,8.38827669199266,8.12
COC1=C(C(=O)N(CCO)N=C1)c2ccc(C[C@H](NC(=O)c3c(Cl)cccc3Cl)C(=O)O)cc2,timbal,2.6437,7,3,9,3,506.342,6.88605664769316,7.79
CN(C)C(=O)Oc1ccc(C[C@H](Nc2nc(ncc2c3ccccc3C)N(C)C4CCC4)C(=O)O)cc1,timbal,4.60892,6,3,9,4,503.603,8,7.65
C[C@@H]1NC(=O)[C@H](CSSC[C@H](NC(=O)[C@@H]2CCCCN2C1=O)C(=O)O)NC(=O)[C@H](Cc3ccc(O)cc3)NC(=O)C,timbal,-0.2256,8,7,6,3,609.727,7.69897000433602,6.32
NC(=O)C1(CCCCC1)NC(=O)[C@@H](CCCC(=O)O)NC(=O)[C@@H](CCCCNC(=O)\C=C\c2cccnc2)NC(=O)c3cccc(Nc4nc5ccccc5[nH]4)c3,timbal,3.8439,9,9,20,5,779.899,6.73142202811716,8.09
CC[C@@H](C)[C@@H]1NC(=O)[C@H](C)NC(=O)[C@H](CSSC[C@H](NC1=O)C(=O)O)NC(=O)[C@@H](N)Cc2ccc(O)cc2,timbal,-0.2532,7,7,7,2,569.706,6.0268721464003,6.63
OC(=O)[C@H](CNC(=O)C1=NOC(CCCCNc2ncc[nH]2)C1)NS(=O)(=O)c3ccc(cc3)c4ccccc4,timbal,2.3517,7,6,14,4,554.629,6.61978875828839,7.26
OC(=O)C[C@H](NC(=O)CNC(=O)c1cccc(NC2=NCC(F)CN2)c1)c3cc(Cl)cc(Br)c3O,timbal,2.5793,6,6,8,3,570.803,9.69897000433602,8
COc1cc(CN2CCCC2)cc(OC)c1c3ccc(C[C@H](NC(=O)[C@]4(C)CCCN4S(=O)(=O)c5cc(Cl)cc(Cl)c5)C(=O)O)cc3,timbal,5.6287,7,3,12,5,704.673,10.0457574905607,7.81
CCN(CC)CCCNC(=O)c1cnn(c2nc(cs2)c3ccc(cc3)C(F)(F)F)c1C(F)(F)F,timbal,5.4951,3,2,9,3,519.515,4.39794000867204,5.62
Cc1cccc(c1)C(=O)N2CCc3c(C2)cc(Cl)c(C(=O)N[C@@H](CNC(=O)c4cccs4)C(=O)O)c3Cl,timbal,4.17482,5,4,7,4,560.459,7.04575749056068,7.09
CC(C)C[C@@H]1N([C@H](C)CCN([C@@H](Cc2ccc3ccccc3c2)C(=O)N)C1=O)C(=O)Cc4ccc5ccccc5c4,timbal,5.4962,3,3,8,5,549.715,5.69897000433602,5.54
CN(C)C(=O)Oc1ccc(C[C@H](Nc2ncncc2c3ccccc3F)C(=O)O)cc1,timbal,3.4509,7,3,7,3,424.432,7.74472749489669,7.5
OC(=O)C[C@@H](NC(=O)CNC(=O)c1cc(O)cc(NC2=NCC(F)CN2)c1)c3cc(Br)cc(Br)c3O,timbal,2.394,7,7,8,3,631.253,5.46597389394387,6.53
Cn1cc(C(=O)Nc2cc(F)c(CC(=O)N3CCC[C@H]3CO[C@@H]4CC[C@H](CC4)C(=O)O)cc2Cl)c5ccccc15,timbal,5.4166,6,3,8,5,570.061,6.43179827593301,7.06
COc1ccccc1c2ccc(C[C@H](NC(=O)C3(CCCCC3)S(=O)(=O)c4ccc(Cl)cc4)C(=O)O)cc2,timbal,5.3043,6,2,9,4,556.08,7.27572413039921,7.58
C[C@@H]1NC(=O)C[S+]([O-])C[C@H](NC(=O)[C@H](CC(=O)O)NC(=O)CNC(=O)[C@H](CCCN=C(N)N)NC1=O)C(=O)O,timbal,-5.5631,9,9,7,1,576.589,8.79588001734408,7.46
COC(=O)N[C@@H](Cc1ccc(cc1)C2=C(OC)C=NN(C)C2=O)C(=O)O,timbal,0.8076,7,2,6,2,361.354,6.14874165128092,6.92
CC1N(C)C(=O)[C@@H](Cc2ccccc2)NC(=O)C(CC(=O)O)NC(=O)CNC(=O)C(CCCN=C(N)N)NC1=O,timbal,-2.8115,7,8,8,2,560.612,6.1791420105603,6.15
OC(=O)C[C@@H](NC(=O)[C@@H]1CCCN(C1)C(=O)CCC2CCNCC2)c3cccnc3,timbal,1.732,5,4,8,3,416.522,9.44369749923271,9.34
OC(=O)[C@@H]1CC[C@H](CC1)OC[C@@H]2C[C@H](F)CN2C(=O)Cc3ccc(Nc4oc5cc(F)ccc5n4)c(Cl)c3,timbal,5.5054,7,3,8,5,547.986,6.20065945054642,7.63
Cc1cc(cc(C)c1S(=O)(=O)N[C@@H](CNC(=O)C2=NOC(CCCCNc3ccccn3)C2)C(=O)O)c4ccccc4,timbal,3.64044,7,4,14,4,593.706,7.35654732351381,7.29
Cc1ccccc1NC(=O)Nc2ccc(CC(=O)N3CCCCC3C(=O)NCCCCC(=O)O)cc2,timbal,3.93372,5,5,10,3,494.592,7.49485002168009,7.18
COCCOCCOCCOCC(=O)Nc1cc(C[C@H](NS(=O)(=O)c2cccc(c2)C(F)(F)F)C(=O)O)ccc1OCCCc3ccc4CCCNc4n3,timbal,4.079,11,4,23,4,782.835,9.52287874528034,7.71
COc1ccccc1c2ccc(C[C@H](NC(=O)[C@@]3(C)CCCO3)C(=O)O)cc2,timbal,3.0432,5,2,7,3,383.444,7.34390179798717,8.3
CCCCOC(=O)N1C[C@]2(C[C@H]1CNc3ncc[nH]3)CC(=NO2)C(=O)NC[C@H](NS(=O)(=O)c4c(C)cc(C)cc4C)C(=O)O,timbal,1.82086,9,7,13,4,633.728,7.85387196432176,7.8
OC(=O)CC(Cc1onc(CCCc2ccc3CCCNc3n2)n1)c4cnc5ccccc5c4,timbal,4.3472,6,2,9,5,457.534,7.74472749489669,6.97
COc1cccc(OC)c1c2ccc(C[C@H](NC(=O)[C@@H]3CCCN3c4ccc(cc4)[N+](=O)[O-])C(=O)O)cc2,timbal,4.0599,5,2,10,4,519.554,8.95860731484177,7.29
Cc1cc(C)cc(c1)S(=O)(=O)N2CCC[C@H]2C(=O)N[C@@H](CNC(=O)NCc3ccccc3)C(=O)O,timbal,1.52534,6,4,9,3,502.593,6.11350927482752,7.38
CC(C)C[C@H](NC(=O)Cc1ccc(NC(=O)c2ccccc2)cc1)C(=O)N[C@@H](CC(=O)O)C(=O)N[C@@H](C(C)C)C(=O)O,timbal,2.1972,8,6,15,2,582.654,5.48811663902113,7
CC(C)CS(=O)(=O)c1nc(N[C@@H](Cc2ccc(NC(=O)c3c(Cl)cncc3Cl)cc2)C(=O)O)cc(n1)C(=O)O,timbal,3.6664,10,4,11,3,596.449,7.52287874528034,7.42
Cc1ccc2c(c1)c(cn2S(=O)(=O)C)C(=O)NC[C@H](NC(=O)c3c(Cl)cc4CN(CCc4c3Cl)C(=O)c5ccc(Cl)cc5)C(=O)O,timbal,4.52912,7,4,8,5,706.004,4.95860731484177,7.66
NC(=N)NCCC[C@@H]1NC(=O)CNC(=O)C(SC[C@H](NC(=O)[C@H](CC(=O)O)NC(=O)CNC1=O)C(=O)O)c2ccc3ccccc3c2,timbal,-1.86293,9,10,8,3,672.721,7.93930215964639,6.97
Cc1ccnc(NCCCCOc2ccc(C[C@H](NS(=O)(=O)c3cccc(c3)C(F)(F)F)C(=O)O)cc2NC(=O)COCCOCCOCCOCCOCCOCCN)c1,timbal,3.65092,13,5,33,3,887.972,7.42021640338319,8.18
CCCCN(CCCC)C1=C(N[C@@H](Cc2ccc(NC(=O)c3c(Cl)cncc3Cl)cc2)C(=O)O)C(=O)C1=O,timbal,4.7511,6,3,14,3,561.466,8.69897000433602,7.25
CC(=O)N[C@@H](Cc1ccc(O)cc1)C(=O)N[C@H]2CSSC[C@H](NC(=O)C3(CCCC3)CCNC2=O)C(=O)O,timbal,0.9553,7,6,6,3,566.702,7.92081875395238,5.81
COCCCN(CC(=O)N[C@@H](CC(=O)O)c1ccc(OC)c(OC)c1)C(=O)Cc2ccc(NC(=O)Nc3ccccc3C)cc2,timbal,4.39602,8,5,16,3,620.703,7.56383735295924,7.26
OC1CNC(=NC1)Nc2cncc(c2)C(=O)NCC(=O)N[C@H](CC(=O)O)c3cc(Cl)cc(I)c3O,timbal,0.8392,7,7,8,3,616.8,6.20620961530918,8.6
OC(=O)C[C@@H](NC(=O)CNC(=O)c1cc(O)cc(NC2=NCC(F)CN2)c1)c3cc(Cl)cc(Cl)c3O,timbal,2.1758,7,7,8,3,542.351,9,6.55
OC(=O)c1ccc(OC[C@@H]2C[C@H](F)CN2C(=O)Cc3ccc(NC(=O)Nc4ccccc4Br)c(Cl)c3)cc1,timbal,6.0052,6,4,8,4,604.86,8.76955107862173,7.05
OC(=O)[C@H](CNC(=O)c1ccc2c(cnn2CCCCNC3=NCCN3)c1)NC(=O)OCc4ccccc4,timbal,1.4747,6,5,12,4,521.578,6.60205999132796,7.66
NCCS(=O)(=O)N[C@@H](CNC(=O)c1ccc(OCCNC2=NCCCN2)cc1)C(=O)O,timbal,-1.9346,6,6,12,2,456.525,7.65169513695184,7.32
NC(=N)NCCC[C@@H]1NC(=O)CC(=O)N[C@H](CC(=O)O)C(=O)N[C@H](Cc2ccccc2)CNC1=O,timbal,-2.05863,6,8,8,2,489.533,6.03621217265444,6.82
OC(=O)CC(CC1CCN(CC1)C(=O)CCc2ccc3CCCNc3n2)c4ccc5OCOc5c4,timbal,3.9882,6,3,8,5,479.577,8.95860731484177,6.57
COc1ccc(cn1)[C@@H](CCCCCCc2ccc3CCCNc3n2)CC(=O)O,timbal,4.5948,5,2,11,3,397.519,9.18708664335714,7.34
NC(=N)NC[C@@H]1NC(=O)N(CC(=O)NCC(NC(=O)OCc2ccccc2)C(=O)O)C1=O,timbal,-2.11433,7,8,10,2,449.424,4.82390874094432,6.2
OC(=O)C[C@H](NC(=O)CCCCc1ccc2CCCNc2n1)c3cnc4ccccc4c3,timbal,4.0329,5,3,9,4,432.524,8.97061622231479,8.44
OC(=O)C[C@H](NC(=O)CCCCc1ccc2CCCNc2n1)c3cccc(F)c3,timbal,3.6238,5,3,9,3,399.466,7.63827216398241,7.81
CS(=O)(=O)CCCC1(CCCC1)C(=O)N[C@@H](Cc2ccc(NC(=O)c3c(Cl)cccc3Cl)cc2)C(=O)O,timbal,4.7428,6,3,11,3,569.507,8.74472749489669,7.04
c1cc(cc(c1)C(F)(F)F)c2csc(n2)n3c(c(cn3)C(=O)NCCCCN)C(F)(F)F,timbal,4.5021,3,2,7,3,477.434,4.73754891026957,4.81
CCCN(C(=O)CC(=O)O)C1=C(C)C[C@H](N([C@@H](C)c2ccc(N)cc2)C1=O)c3ccccc3,timbal,4.2907,4,4,8,3,449.551,7.14874165128092,6.35
CC1(C)C(CC(=O)O)C1c2ccc(OCCc3ccc4CCCNc4n3)cc2,timbal,4.2755,4,2,7,4,380.488,9.39794000867204,7.76
OC(=O)[C@H](Cc1ccc(NC(=O)c2c(Cl)cncc2Cl)cc1)\N=C\3/C(=O)C(=C3N4CCCCC4)O,timbal,3.169,6,3,7,4,517.369,8.07572071393812,7.26
CC(=O)N1CSC[C@@H]1C(=O)N\C(=C/c2ccc(NC(=O)c3c(Cl)cncc3Cl)cc2)\C(=O)O,timbal,3.1038,6,4,6,3,509.371,7.60205999132796,7.77
NC(=N)c1ccc(cc1)N2CCC3(CCN(CC3)C(=O)CCCCC(=O)O)C2=O,timbal,1.96117,4,4,7,3,400.479,5.46852108295774,5.87
NC(=N)NCCC(=O)N1CCC[C@@H]1C(=O)N[C@@H](CCC(=O)O)C(=O)NCc2ccccc2,timbal,-0.48343,5,7,11,2,446.508,7.45593195564972,6.45
OC(=O)CCCC(=O)N1CCC2(CC1)CCN(CC2)c3ccncc3,timbal,2.5455,4,2,5,3,345.443,6.61978875828839,7.02
OC(=O)[C@H](Cc1ccc(cc1)N2C(=O)CCC2=O)NC(=O)[C@@H]3CCC(=O)N3Cc4ccccc4,timbal,1.6431,6,3,8,4,463.49,6.54363396687096,7.8
NC(=N)c1ccc(cc1)N2CC3(CCN(CC3)C(=O)CCCC(=O)O)CC2=O,timbal,1.57107,4,4,6,3,386.452,6.18045606445813,6.07
NCC(=O)N[C@@H](CCCN=C(N)N)C(=O)NCC(=O)N[C@@H](CC(=O)O)C(=O)N[C@@H](Cc1ccccc1)C(=O)O,timbal,-3.6287,8,9,17,1,550.573,7.08092190762393,6.54
COc1ccc(C[C@H](NC(=O)[C@@H]2CCCN2S(=O)(=O)c3cc(Cl)cc(Cl)c3)C(=O)O)cc1,timbal,2.9672,6,2,8,3,501.388,6.44129142946683,7.57
Cc1ccccc1NC(=O)Nc2ccc(CC(=O)N3CCOC[C@H]3C(=O)N4CCC(CC(=O)O)CC4)cc2,timbal,3.12222,6,5,7,4,522.602,8.35654732351381,7.17
OC(=O)CC(Cc1csc(CCCc2ccc3CCCNc3n2)n1)c4cccc(F)c4,timbal,5.0116,5,2,9,4,439.556,6.25258819211358,7.36
CC(=O)N[C@@H](CCCN=C(N)N)C(=O)N[C@H]1CSSC[C@H](NC(=O)[C@@H]2CCCN2C(=O)[C@H](CC(=O)O)NC1=O)C(=O)O,timbal,-3.0556,9,9,10,2,632.722,5.88605664769316,7.6
CC[C@@]1(O)C(=O)OCC2=C1C=C3N(Cc4cc5cc(OC(=O)N6CCN(CC6)C(=O)c7ccc(COC(=O)N[C@@H](CCC(=O)N8CCN(CC8)c9cccc(NC%10=NCCCN%10)c9)C(=O)O)cc7)ccc5nc34)C2=O,timbal,3.606,13,8,12,10,1025.089,6.45593195564972,7.8
N[C@@H](Cc1ccc(O)cc1)C(=O)N[C@H]2CSSC[C@H](NC(=O)CCNC2=O)C(=O)O,timbal,-0.7825,6,6,5,2,456.546,5.3767507096021,5.37
Cc1cc(F)ccc1Nc2oc3c(F)c(CC(=O)N4C[C@@H](F)C[C@H]4CO[C@@H]5CC[C@H](CC5)C(=O)O)ccc3n2,timbal,5.29952,8,3,8,5,545.558,7.92081875395238,7.74
CC(=O)N1CSC[C@H]1C(=O)N[C@@H](Cc2ccc(O)cc2)C(=O)O,timbal,0.4255,5,4,5,2,338.385,3.58004425151024,5.52
CC(C)[C@H](NC(=O)[C@H](CC(=O)O)NC(=O)CNC(=O)[C@H](CCCN=C(N)N)NC(=O)CNC(=O)C)C(=O)O,timbal,-4.038,9,9,17,0,544.566,7.92081875395238,7.33
OC(=O)C[C@@H](NC(=O)CNC(=O)c1cccc(NC2=NCCCN2)c1)c3cc(Cl)cc(Cl)c3O,timbal,2.5222,5,6,8,3,508.362,8.39794000867204,8.34
CC(C)[C@H]1NC(=O)[C@@H](Cc2ccccc2)N(C)C(=O)[C@@H](CC(=O)O)NC(=O)CNC(=O)[C@H](CCCN=C(N)N)NC1=O,timbal,-2.1754,7,8,9,2,588.666,5.85387196432176,6.29
NCCOCCOCCOCC(=O)Nc1cc(C[C@H](NS(=O)(=O)c2cccc(c2)C(F)(F)F)C(=O)O)ccc1OCCCNc3ccc4CCCNc4n3,timbal,3.2607,10,6,23,4,782.839,7.60205999132796,9.15
Cc1cccc(NCCCCOc2ccc(C[C@H](NS(=O)(=O)c3cccc(c3)C(F)(F)F)C(=O)O)cc2N)n1,timbal,4.23632,6,4,13,3,566.602,8.76955107862173,7.7
OC(=O)[C@H](Cc1ccc(cc1)N2C(=O)CC(C2=O)c3ccc(O)cc3)NC(=O)[C@@H]4CCC(=O)N4Cc5ccccc5,timbal,2.7424,7,4,9,5,555.587,6.3767507096021,8.37
COc1ccc(cn1)[C@H](CC(=O)O)N2CCN(CCCc3ccc4CCC(O)Nc4n3)C2=O,timbal,2.0479,7,5,9,4,455.515,9.39794000867204,8.66
CC(=O)N[C@@H](CCCCN)C(=O)N1CCCC(C1)C(=O)NCCC(=O)O,timbal,-0.5504,5,5,10,1,370.45,6.46852108295774,5.85
OC(=O)C[C@H](Cc1csc(CCCCNc2cc(ccn2)N3CCOCC3)n1)c4ccc5OCOc5c4,timbal,4.3392,7,2,12,5,524.643,8.80687540164554,8.14
COc1ccc(cn1)C(CC(=O)O)Cc2csc(CCCCNc3cc(ccn3)N4CCOCC4)n2,timbal,4.0141,7,2,13,4,511.648,8.45099673797421,7.98
COc1cccc(OC)c1c2ccc(CC(Nc3ccccc3)C(=O)O)cc2,timbal,4.4786,4,2,8,3,377.44,5.05207638016827,6.38
NC(=N)NCCCNC(=O)C1CCC(=O)N2CC(CCC(=O)O)C2C1,timbal,-0.53233,4,6,8,2,353.423,2.88605664769316,5.43
NC(=N)c1ccc(COc2ccc3C(=O)N(CC(=O)O)CCCc3c2)cc1,timbal,2.02267,4,4,6,3,367.405,6.22184874961636,7.08
COc1ccccc1c2ccc(C[C@H](NC(=O)[C@@H]3[C@@H](O)CCN3S(=O)(=O)c4cc(Cl)cc(Cl)c4)C(=O)O)cc2,timbal,3.605,7,3,9,4,593.485,7.27572413039921,8.64
N[C@@H](Cc1ccc(O)cc1)C(=O)N[C@H]2CSSC[C@H](NC(=O)c3cccc(NC2=O)c3)C(=O)N,timbal,0.3642,5,6,5,3,503.606,4.92081875395238,6.53
OC(=O)CC1COc2ccc(NC(=O)c3ccc(cc3)C(=N)N4CCOCC4)cc2C1,timbal,2.62227,5,4,5,4,423.469,10.0087739243075,8.31
COc1ccnc(NCCCCc2noc(C[C@@H](CC(=O)O)c3ccc4OCOc4c3)n2)c1,timbal,3.4377,8,2,12,4,454.483,7.19382002601611,8.48
CC(C)(C)CC(=O)N1C[C@@H](C[C@H]1CNc2ccccn2)OCC(=O)NC[C@H](NC(=O)C3(C)CCCCC3)C(=O)O,timbal,2.5718,7,5,12,3,559.708,8.85387196432176,6.91
C[C@]1(CCCN1S(=O)(=O)c2cc(Cl)cc(Cl)c2)C(=O)N[C@@H](Cc3ccc(NC(=O)c4c(Cl)ccnc4Cl)cc3)C(=O)O,timbal,5.3028,7,3,9,4,674.39,9.95860731484177,9.43
NC(=N)NCCCOc1ccc(C[C@H](NS(=O)(=O)c2cccc(c2)C(F)(F)F)C(=O)O)cc1N,timbal,1.51377,5,6,11,2,503.503,8.11918640771921,8.65
CC(C)C[C@H](NC(=O)Cc1ccc(NC(=O)Nc2ccccc2C)cc1)C(=O)N3CCC(CC(=O)O)CC3,timbal,4.42572,5,5,10,3,522.646,6.25963731050576,6.88
OC(=O)[C@H](Cc1ccc(NC(=O)c2c(Cl)cncc2Cl)cc1)\N=C/3\C(\C(=C3O)O)=N\C4CC4,timbal,2.5872,6,4,7,4,489.315,8.82390874094432,7.62
CC(C)C[C@H](NC(=O)Cc1ccc(NC(=O)Nc2ccccc2C)cc1)C(=O)N[C@@H](CC(=O)O)C(=O)N[C@@H](C(C)C)C(=O)N3CCC[C@H]3C(=O)O,timbal,2.88832,9,8,16,3,708.813,8.39794000867204,6.55
OC(=O)CCCC(=O)N1CCC2(CCC(CC2)C(=O)N3CCC(CC3)C4CCNCC4)CC1,timbal,3.2785,4,4,6,4,461.647,4,7.83
CC(=O)N1CSC[C@@H]1C(=O)N[C@@H](Cc2ccc(OCc3c(Cl)cccc3Cl)cc2)C(=O)O,timbal,3.6057,5,3,8,3,497.4,6.72124639904717,6.91
COc1ccccc1c2ccc(C[C@H](NC(=O)[C@]3(CCCO3)C(=O)N4CCCC4)C(=O)O)cc2,timbal,2.6457,6,3,8,4,466.534,8.35457773065091,7.87
CC(C)(CC(=O)O)Cc1onc(CCCc2ccc3CCCNc3n2)n1,timbal,3.0414,5,2,8,3,358.442,4.89938824716621,8.04
OC(=O)CN(CC(=O)N[C@@H](Cc1ccc(OCc2c(Cl)cccc2Cl)cc1)C(=O)O)S(=O)(=O)c3ccc(F)cc3,timbal,3.5989,9,3,13,3,613.447,8,7.79
OC(=O)[C@H](Cc1ccc(NC(=O)c2c(Cl)cncc2Cl)cc1)NC(=O)[C@@H]3CCCN3S(=O)(=O)c4cc(Cl)cc(Cl)c4,timbal,4.9127,7,3,9,4,660.363,10.1549019599857,8.79
OC(=O)[C@H](CCC(=O)N1CCN(CC1)c2cccc(NC3=NCCCN3)c2)NC(=O)Cc4ccccc4,timbal,1.6887,4,5,9,4,506.607,8.16749108729376,8.26
COc1nc(N[C@@H](Cc2ccc(NC(=O)c3c(Cl)cncc3Cl)cc2)C(=O)O)nc(n1)N4CCNCC4,timbal,2.3517,8,4,9,4,547.403,7.60205999132796,6.48
CN([C@@H](CCC(=O)O)C(=O)N[C@@H](Cc1ccc(OCc2c(Cl)cccc2Cl)cc1)C(=O)O)S(=O)(=O)c3ccc4ccccc4c3,timbal,5.3916,8,3,14,4,673.571,9,7.65
OC(=O)C[C@@H](NC(=O)[C@@H]1CCCN(C1)C(=O)CCC2CCNCC2)c3ccc4OCOc4c3,timbal,2.0657,6,4,8,4,459.543,9.30102999566398,9.44
OC(=O)CC1CC1c2ccc(OCCc3ccc4CCCNc4n3)cc2,timbal,3.6394,4,2,7,4,352.434,7.79588001734408,6.81
CC(CC(=O)O)c1cccc(NC(=O)Cc2ccc(NC(=O)Nc3ccccc3C)cc2)c1,timbal,5.39842,4,4,8,3,445.519,5.60205999132796,6.57
C[C@]1(CCCN1S(=O)(=O)c2cc(Cl)cc(Cl)c2)C(=O)N[C@@H](Cc3ccc(NC(=O)c4cnccc4Cl)cc3)C(=O)O,timbal,4.6494,7,3,9,4,639.945,9.67778070526608,9.48
OC[C@@H]1NC(=O)[C@H](CSSC[C@H](NC(=O)[C@@H]2CCCN2C1=O)C(=O)O)NC(=O)c3ccccc3,timbal,-0.7825,7,6,4,3,510.594,5.72124639904717,6.34
CC[C@H](C)[C@@H]1NC(=O)CSC[C@H](NC(=O)[C@H](CC(=O)O)NC(=O)CNC(=O)[C@H](CCCN=C(N)N)NC1=O)C(=O)O,timbal,-3.5524,9,9,9,1,602.671,8.22184874961636,7.72
OC1CNC(=NC1)Nc2cncc(c2)C(=O)NCC(=O)N[C@H](CC(=O)O)c3cc(Br)cc(Br)c3O,timbal,1.1062,7,7,8,3,614.251,8.69897000433602,7.39
OC(=O)c1ccc(OC[C@@H]2C[C@H](F)CN2C(=O)Cc3ccc(NC(=O)Nc4ccccc4Cl)c(Cl)c3)cc1,timbal,5.8961,6,4,8,4,560.409,7.09151498112135,8.6
OC(=O)CC(CCC1CCN(CC1)C(=O)CCc2ccc3CCCNc3n2)c4ccc5OCOc5c4,timbal,4.3783,6,3,9,5,493.604,5.36031433875732,8.77
Cc1cc(C)c(O)c(c1)[C@@H](CC(=O)O)NC(=O)CNC(=O)c2cc(O)cc(NC3=NCC(O)CN3)c2,timbal,0.50864,7,8,8,3,499.524,7.26760624017703,6.4
Cc1cc(C)c(c(C)c1)S(=O)(=O)N[C@@H](CNC(=O)C2=NOC(CCCC(=O)Nc3ncc[nH]3)C2)C(=O)O,timbal,1.13656,8,6,12,3,534.595,7.50863830616573,7.31
CN(C)C(=O)Oc1ccc(C[C@H](Nc2nc(ncc2c3ccccc3C)N(C)C4CCCCC4)C(=O)O)cc1,timbal,5.38912,6,3,9,4,531.657,7.69897000433602,7.82
Cn1cc(C(=O)Nc2cc(Cl)c(CC(=O)N3C[C@@H](O)C[C@H]3CO[C@@H]4CC[C@H](CC4)C(=O)O)cc2Cl)c5ccccc15,timbal,4.9017,6,4,8,5,602.515,7.15490195998574,7.09
NC(=N)NCCC[C@@H]1NC(=O)CNC(=O)[C@@H](Cc2ccccc2)SC[C@H](NC(=O)[C@H](CC(=O)O)NC(=O)CNC1=O)C(=O)O,timbal,-3.14613,9,10,9,2,636.688,7.53760200210104,8.08
COc1ccnc(NC[C@@H]2C[C@H](CN2C(=O)CC(C)(C)C)OCC(=O)NC[C@H](NC(=O)c3c(C)cc(C)cc3C)C(=O)O)c1,timbal,2.84906,8,5,13,3,611.74,5.48148606012211,6.42
OC(=O)C[C@H](NC(=O)CN1CCC(CCc2ccc3CCCNc3n2)C1=O)c4cnc5ccccc5c4,timbal,3.1012,6,4,9,5,501.587,6.11013827874181,7.31
OC(=O)[C@H](Cc1ccc(NC(=O)c2c(Cl)cncc2Cl)cc1)\N=C/3\C(\C(=C3O)O)=N\CCC(F)(F)F,timbal,3.3772,6,4,8,3,545.301,7.04575749056068,8.2
Cc1cc(C)c(c(C)c1)S(=O)(=O)N[C@@H](CNC(=O)C2=NO[C@]3(C[C@@H](CNC4NC=CN4)N(C3)C(=O)OCc5ccccc5)C2)C(=O)O,timbal,0.92296,8,7,12,5,669.761,5.03621217265444,7.18
CN1CCNc2nc(CCOc3cc(CC(CC(=O)O)c4ccc5OCOc5c4)nn3C)ccc12,timbal,2.828,7,2,9,5,479.537,8.58838029403677,8.18
N[C@@H](CCCN=C(N)N)C(=O)NCC(=O)N[C@@H](CC(=O)O)C(=O)N[C@@H](Cc1ccc(O)cc1)C(=O)O,timbal,-3.0393,8,9,15,1,509.52,7.15490195998574,6.43
OC(=O)[C@H](CNC(=O)c1cccs1)NC(=O)c2c(Cl)cc3CN(CCc3c2Cl)C(=O)c4ccc5ccoc5c4,timbal,4.6126,5,4,7,5,586.453,8.30102999566398,7.38
Cc1ccc(F)cc1Nc2oc3cc(CC(=O)N4C[C@@H](F)C[C@H]4CO[C@@H]5CC[C@H](CC5)C(=O)O)ccc3n2,timbal,5.16042,7,3,8,5,527.568,8.35654732351381,7.14
COC1=C(C(=O)N(C)N=C1)c2ccc(C[C@H](NC(=O)OC(C)(C)C)C(=O)O)cc2,timbal,1.9763,7,2,6,2,403.435,6.09151498112135,7.02
Cc1ccc(cc1)S(=O)(=O)NC(CNC(=O)c2cc3cc(OCCO\N=C(/N)\NC(=O)OC(C)(C)C)ccc3[nH]2)C(=O)O,timbal,1.78762,9,6,12,3,618.669,6.88605664769316,7.8
NC(=N)NOCCOc1ccc2[nH]c(cc2c1)C(=O)NCC(NS(=O)(=O)c3ccccc3)C(=O)O,timbal,0.12287,7,7,12,3,504.525,6,7.55
COC(=O)N1C[C@]2(C[C@H]1CNc3nc4ccccc4[nH]3)CC(=NO2)C(=O)NC[C@H](NS(=O)(=O)c5c(C)cc(C)cc5C)C(=O)O,timbal,1.80376,9,7,10,5,641.707,8.85387196432176,7.22
OC(=O)C[C@@H]1Cc2ccc(OCCCNc3ccccn3)cc2Cc4ccccc14,timbal,4.6678,4,2,8,4,402.494,7.22184874961636,7.13
CCOc1ccc(cc1F)[C@H](CC(=O)O)NC(=O)CN2CC[C@H](CCc3ccc4CCCNc4n3)C2=O,timbal,3.0908,7,4,11,4,512.582,9.50863830616573,7.7
NCCCC[C@H](N)C(=O)N1CCCC(C1)C(=O)NCCC(=O)O,timbal,-0.7278,4,5,9,1,328.413,6.11918640771921,6.09
OC(=O)CCNC(=O)[C@@H]1CCCN(C1)C(=O)CCC2CCNCC2,timbal,0.5957,4,4,7,2,339.436,8.31875876262441,7.9
Cc1cccc(c1NC(=O)Nc2ccc(cc2)CC(=O)Nc3ccc(c(c3)CCC(=O)NCCCCCCCCCCCCN)OCC(=O)O)C,timbal,7.50054,6,6,23,3,701.909,3.9100948885606,6.44
CC(=O)NC[C@H](NC(=O)c1c(Cl)cc2CN(CCc2c1Cl)C(=O)c3ccc(Cl)cc3)C(=O)O,timbal,3.1644,5,4,6,3,512.777,6.20760831050175,6.8
CC(C)C[C@H](NC(=O)Cc1ccc(NC(=O)Nc2ccccc2C)cc1)c3nc(CCC(=O)O)cs3,timbal,5.55882,5,4,11,3,508.644,6.09691001300806,8.35
CC(C)n1cnc(C[C@H](NC(=O)c2c(Cl)cc3CN(CCc3c2Cl)C(=O)c4ccc(Cl)cc4)C(=O)O)c1,timbal,5.0484,5,3,7,4,563.869,6.76955107862173,7.24
CC(C)n1cc(C[C@H](NC(=O)c2c(Cl)cc3CN(CCc3c2Cl)C(=O)c4ccc(Cl)cc4)C(=O)O)nn1,timbal,4.4434,6,3,7,4,564.857,7.22914798835786,6.56
NC(=N)Nc1cccc(c1)C(=O)NNC(=O)N[C@@H](CC(=O)O)C(=O)N,timbal,-1.73543,5,8,6,1,351.323,6.82390874094432,5.8
OC(=O)[C@@H](CNC(=O)c1ccc2cn(CCCNC3=NCCN3)nc2c1)NC(=O)OCc4ccccc4,timbal,1.0846,6,5,11,4,507.551,7.60205999132796,7.19
C[C@@H](CC(=O)O)N1CC(=O)N(c2c(Cl)cc(cc2C1=O)C#Cc3ccc(cc3)C(=N)N)C(C)(C)C,timbal,3.47437,4,4,4,3,494.979,7.22184874961636,7.06
OC(=O)C[C@H](NC(=O)[C@@H]1CCCN(C1)C(=O)CCC2CCNCC2)c3cnc(Cl)c(Cl)c3,timbal,3.0388,5,4,8,3,485.412,9.46852108295774,9.64
NC(=N)NCCC[C@@H]1NC(=O)[C@H](CC(=O)O)NC(=O)CNC(=O)[C@@H](CCCNC(=N)N)NC(=O)[C@H](CC(=O)O)NC(=O)CNC1=O,timbal,-6.35246,10,14,12,1,656.658,6.49485002168009,6.87
OC(=O)C(CNC(=O)CCCCc1ccc2CCCNc2n1)c3ccccc3,timbal,3.1371,4,3,9,3,381.476,7.24108810760203,7.78
OC(=O)C[C@H](NC(=O)[C@@H]1CCCN(C1)C(=O)CCC2CCNCC2)c3cncc(Br)c3,timbal,2.4945,5,4,8,3,495.418,9.67778070526608,9.35
NC(=N)NCCC[C@@H]1NC(=O)[C@H](Cc2c[nH]c3ccccc23)NC(=O)CSC[C@H](NC(=O)[C@H](CC(=O)O)NC(=O)CNC1=O)C(=O)O,timbal,-2.66483,9,11,9,3,675.725,8.39794000867204,7.07
CC(C)C[C@H](NC(=O)Cc1ccc(NC(=O)Nc2ccccc2C)cc1)C(=O)N3CCCCC3C(=O)O,timbal,4.17812,5,5,9,3,508.619,5,6.21
CC(C)(C)C#C[C@H](CC(=O)O)NC(=O)[C@@H]1CCCN(C1)C(=O)CCC2CCNCC2,timbal,2.0138,4,4,7,2,419.566,8.2518119729938,7.2
OC(=O)CCNC(=O)CNC(=O)CCCc1ccc2CCCNc2n1,timbal,0.4695,5,4,9,2,348.403,6.95467702121334,7.4
CC(C)[C@@H]1NC(=O)[C@@H](Cc2ccccc2)NC(=O)[C@H](CC(=O)O)NC(=O)CNC(=O)[C@H](CCCNC(=N)N)NC1=O,timbal,-2.30793,7,9,9,2,574.639,8,6.72
OC[C@@H]1NC(=O)[C@H](CSSC[C@H](NC(=O)[C@@H]2CCCN2C1=O)C(=O)O)NC(=O)c3cccc4cc(O)ccc34,timbal,0.0763,8,7,4,4,576.653,5.95860731484177,6.44
NC(=N)c1ccc2oc(cc2c1)C(=O)NCCC(=O)NC(CC(=O)O)c3ccccc3,timbal,2.16897,4,5,9,3,422.441,4.22184874961636,6.92
OC(=O)[C@H](Cc1ccc(NC(=O)c2c(Cl)cccc2Cl)cc1)NC(=O)[C@@H]3CCC(=O)N3Cc4ccccc4,timbal,4.5488,5,4,9,4,554.43,9.43179827593301,7.09
CC1(C)[C@@H]2CC[C@@]1(CS(=O)(=O)N[C@@H](CNC(=O)CCCCc3ccc4CCCNc4n3)C(=O)O)C(=O)C2,timbal,2.0367,7,4,12,4,534.679,10,8.41
OC(=O)C[C@@H](NC(=O)CNC(=O)c1cc(O)cc(NC2=NCC(F)(F)CN2)c1)c3cc(Cl)cc(Br)c3O,timbal,2.5821,6,7,8,3,604.792,5.13918303613546,6.38
Cc1ccc(cc1)S(=O)(=O)N[C@@H](CNC(=O)CCCCc2ccc3CCCNc3n2)C(=O)O,timbal,2.00882,6,4,11,3,474.583,9.39794000867204,8.64
COc1ccccc1c2ccc(C[C@H](NC(=O)[C@H]3CSCN3S(=O)(=O)C)C(=O)O)cc2,timbal,1.8086,6,2,8,3,464.565,9.4089353929735,7.47
O[C@H]1CCN([C@@H]1C(=O)N[C@@H](Cc2ccc(cc2)c3ccccc3C#N)C(=O)O)S(=O)(=O)c4cc(Cl)cc(Cl)c4,timbal,3.46808,6,3,8,4,588.469,10,6.68
COc1ccccc1c2ccc(C[C@H](NC(=O)[C@H]3CSCN3)C(=O)O)cc2,timbal,2.1366,4,3,7,3,386.473,8.08618614761628,7.88
COc1ccccc1c2ccc(C[C@H](NC(=O)[C@H]3CSCN3S(=O)(=O)c4cc(Cl)cc(Cl)c4)C(=O)O)cc2,timbal,4.5447,6,2,9,4,595.526,6.79588001734408,8.66
NC(=N)c1ccc(cc1)N2CCC3(CCC(CC3)C(=O)NCCCC(=O)O)CC2,timbal,2.72847,3,4,7,3,400.523,5.30102999566398,5.74
OC(=O)[C@H](CCCCCCCc1ccc2CCCNc2n1)NC(=O)Cc3ccccc3,timbal,4.1349,4,3,12,3,423.557,7.28735029837279,7.6
O=C1NC(=O)\C(=C\c2ccccc2)\C(=O)N1c3ccccc3,timbal,2.353,3,1,2,3,292.294,5.65757731917779,5.91
OC(=O)\C(=C/c1ccc(NC(=O)c2c(Cl)cncc2Cl)cc1)\NC(=O)c3cccnc3Cl,timbal,4.5446,6,3,6,3,491.718,5.07058107428571,7.78
OC(=O)CC(Cc1csc(CCCc2ccc3CCCNc3n2)n1)c4cnc(s4)c5ccc(Cl)cc5,timbal,6.6494,5,2,10,5,539.126,5.36643055744591,7.12
CC(C)C[C@H](NC(=O)Cc1ccc(NC(=O)Nc2ccccc2C)cc1)c3ncc(CCC(=O)O)s3,timbal,5.55882,5,4,11,3,508.644,9.60205999132796,6.39
Cc1ccc(cn1)[C@H](CC(=O)O)NC(=O)[C@@H]2CCCN(C2)C(=O)CCC3CCNCC3,timbal,2.04042,5,4,8,3,430.549,9.88605664769316,8.81
Nc1cccc(CCc2ccc(cc2)C(=O)NC[C@H](NS(=O)(=O)c3ccccc3)C(=O)O)n1,timbal,1.6105,6,4,10,3,468.535,5.79588001734408,7.49
CC(=O)N1CCN(CC1)C(=O)\C=C\c2ccc(Sc3ccc4OC(COc4c3)C(=O)O)c(Cl)c2,timbal,3.4195,6,3,5,4,502.976,5.92081875395238,6.06
OC(=O)CCN1CCS[C@H](CC(=O)O)C(=O)N[C@@H](Cc2ccc(O)cc2)C1=O,timbal,0.3129,7,5,7,2,410.448,5.30102999566398,6.12
NC(=N)c1ccc(cc1)C(=O)N2CCC3(CCN(CC3)C(=O)CCC(=O)O)CC2,timbal,1.68027,4,5,5,3,400.479,4.82390874094432,5.44
COc1cccc(OC)c1c2ccc(CC(Nc3cccc(c3)C#N)C(=O)O)cc2,timbal,4.35028,4,2,8,3,402.45,5.36051351073141,7.35
OC(=O)[C@@H]1CC[C@H](CC1)OC[C@@H]2C[C@H](F)CN2C(=O)Cc3ccc(NC(=O)N4CCc5ccccc45)c(Cl)c3,timbal,5.0761,6,3,7,5,558.05,7.08092190762393,7.32
CC(=O)N1CCN(CC1)C(=O)\C=C\c2ccc(Sc3ccc4[nH]ccc4c3)c(Cl)c2,timbal,4.6764,2,3,4,4,439.968,7.69897000433602,6.59
COc1ccccc1c2ccc(C[C@H](NC(=O)C3(CCCC3)c4ccc(C)nc4)C(=O)O)cc2,timbal,4.68952,5,2,8,4,458.558,7.44009337496389,7.16
C[C@]1(CCCN1S(=O)(=O)c2cc(Cl)cc(Cl)c2)C(=O)N[C@@H](Cc3ccc(cc3)c4cccc(c4)C#N)C(=O)O,timbal,4.88738,5,2,8,4,586.497,5.94279048749221,9.29
COc1cccc(OC)c1c2ccc(CC(Nc3cccc(c3)S(=O)(=O)N4CCCC4)C(=O)O)cc2,timbal,4.2631,6,2,10,4,510.612,7.92081875395238,8.44
N[C@@H](CCCNC(=N)N)C(=O)NCC(=O)N[C@@H](CC(=O)O)C(=O)NC(CO)C(=O)O,timbal,-4.78563,8,10,14,0,433.422,4.25963731050576,6.52
CC(C)C[C@@H](CC(=O)N[C@@H](CC(=O)O)c1ccccc1)NC(=O)Cc2ccc(NC(=O)Nc3ccccc3C)cc2,timbal,5.43472,5,5,13,3,558.679,5.13667713987954,5.62
OC(=O)COC1CCN(CC1)C(=O)N2CCC3(CC2)CCN(CC3)c4ccncc4,timbal,2.4496,5,3,4,4,416.522,6.67778070526608,7.7
CC(=O)N1CCN(CC1)C(=O)\C=C\c2ccc(Sc3ccc4OCCOc4c3)c(Cl)c2,timbal,3.9663,4,2,4,4,458.967,7.39794000867204,7.68
Cc1ccccc1NC(=O)Nc2ccc(CC(=O)Nc3cccc(c3)C(=O)NCC(=O)O)cc2,timbal,3.63462,5,5,8,3,460.49,5.92081875395238,6.62
C[C@H](CC(=O)O)NC(=O)N1CCC2(CC1)CCN(C2=O)c3ccc(cc3)C(=N)N,timbal,1.36237,4,5,5,3,401.467,8.30102999566398,7.02
OC(=O)C[C@H](NC(=O)[C@@H]1CCCN(C1)C(=O)\C=C\C2CCNCC2)c3cccnc3,timbal,1.508,5,4,7,3,414.506,9.09151498112135,9.22
CCCC[C@H](NC(=O)[C@@H]1Cc2ccccc2CN1S(=O)(=O)c3ccc(OC)c(OC)c3)C(=O)O,timbal,2.579,7,2,10,3,490.578,9.27572413039921,7.05
NC(=N)c1ccc(cc1)C(=O)Nc2ccc3CCC(CC(=O)O)Cc3c2,timbal,2.80257,3,4,5,3,351.406,9.92081875395238,6.69
NCC(=O)N[C@@H](CCCNC(=N)N)C(=O)NCC(=O)N[C@@H](CC(=O)O)C(=O)N[C@@H](CO)C(=O)O,timbal,-5.66943,9,11,16,0,490.474,6.87614835903291,6.29
CCOC(=O)COC1CCN(CC1)C(=O)[C@H](C)NC(=O)c2ccc(cc2)C(=N)N,timbal,0.65967,5,4,8,2,404.467,6.78781239559604,7.13
Cc1ccc(cc1)S(=O)(=O)N[C@@H](CCCNC(=N)N)C(=O)N2CCC[C@@H]2C(=O)N[C@@H](CC(=O)O)C(=O)NCc3ccccc3,timbal,0.17209,7,8,15,3,629.74,6.82390874094432,7
OC(=O)\C(=C\c1ccc(OCc2c(Cl)cccc2Cl)cc1)\NC(=O)c3cccnc3Cl,timbal,5.4763,5,2,7,3,477.731,6.65757731917779,7.01
OC(=O)[C@H](Cc1ccc(cc1)N2C(=O)CC(Cc3ccccc3)C2=O)NC(=O)[C@@H]4CCC(=O)N4Cc5ccccc5,timbal,3.1119,6,3,10,5,553.615,9.0268721464003,6.8
CCCC1SC[C@H](NC(=O)[C@H](CC(=O)O)NC(=O)CNC(=O)[C@H](CCCN=C(N)N)NC(=O)CNC1=O)C(=O)O,timbal,-3.7984,9,9,9,1,588.644,7.67778070526608,7.95
C[C@@H](CC(=O)O)CC(=O)N1CCC2(CC1)CCN(C2=O)c3ccc(cc3)C(=N)N,timbal,1.81707,4,4,6,3,400.479,8.39794000867204,5.87
CCN(CC)C1=C(N[C@@H](Cc2ccc(cc2)c3c(OC)cccc3OC)C(=O)O)C(=O)C1=O,timbal,2.9208,6,2,11,3,452.507,9.22184874961636,7.45
CCCS(=O)(=O)c1cc(N[C@@H](Cc2ccc(NC(=O)c3c(Cl)cncc3Cl)cc2)C(=O)O)ncn1,timbal,3.7222,8,3,10,3,538.413,9,7.19
OC(=O)[C@@H]1CC[C@H](CC1)OC[C@@H]2C[C@H](F)CN2C(=O)Cc3ccc(NC(=O)c4nccc5ccccc45)c(Cl)c3,timbal,5.282,7,3,8,5,568.045,6.37882371822496,7.78
CC(C)C[C@H](NC(=O)Cc1ccc(NC(=O)Nc2ccccc2C)cc1)c3cc(CCC(=O)O)on3,timbal,5.09032,5,4,11,3,492.576,7.56863623584101,6.67
C[C@H](O)[C@H]1Nc2cccc(CCSC[C@H](NC(=O)[C@H](CC(=O)O)NC(=O)CNC(=O)[C@H](CCCN=C(N)N)NC1=O)C(=O)O)c2,timbal,-2.6793,9,10,8,2,652.731,8.15490195998574,7.45
CC(C)NCCCNC(=O)c1cnn(c2nc(cs2)c3cccc(c3)C(F)(F)F)c1C(F)(F)F,timbal,5.1513,3,2,8,3,505.488,4.95078197732982,4.81
COc1cccc(OC)c1c2ccc(C[C@H](NC(=O)[C@@H]3CCCN3c4ccccn4)C(=O)O)cc2,timbal,3.5467,6,2,9,4,475.545,8.72124639904717,7.16
COc1cc(OC)cc(c1)[C@@]2(CCCO2)C(=O)N[C@@H](Cc3ccc(cc3)c4c(OC)cccc4OC)C(=O)O,timbal,4.2058,8,2,11,4,535.593,8.82973828460504,7.88
OC(=O)C[C@H](NC(=O)CCCCc1ccc2CCCNc2n1)c3ccc4CCOc4c3,timbal,3.4196,5,3,9,4,423.513,8.52287874528034,8.24
COc1ccccc1c2ccc(C[C@H](NC(=O)C3CCCCO3)C(=O)O)cc2,timbal,3.0432,5,2,7,3,383.444,8.30980391997149,7.61
CC(C)[C@H]1NC(=O)C(Cc2ccccc2)NC(=O)C(CC(=O)O)NC(=O)NNC(=O)C(CCCN=C(N)N)NC1=O,timbal,-2.4196,7,9,9,2,575.627,8.52287874528034,6.23
CC(C)(C)C(=O)N\C(=C\c1ccc(NC(=O)c2c(Cl)cccc2Cl)cc1)\C(=O)O,timbal,4.8335,4,3,5,2,435.307,7.09691001300806,6.65
OC(=O)C[C@H](NC(=O)[C@@H]1CCCN(C1)C(=O)CCC2CCNCC2)C#Cc3ccccc3,timbal,2.016,4,4,7,3,439.556,9.53760200210104,8.51
Oc1onc(n1)[C@H](Cc2ccc(NC(=O)c3c(Cl)cncc3Cl)cc2)NC(=O)[C@@H]4CCCN4S(=O)(=O)c5cc(Cl)cc(Cl)c5,timbal,5.2894,8,3,9,5,700.388,7.92081875395238,7.49
OC(=O)C[C@H](NC(=O)[C@@H]1CCCN(C1)C(=O)CCC2CCNCC2)c3cncc(c3)C#Cc4ccccc4,timbal,3.1318,5,4,8,4,516.642,9.07058107428571,8.37
OC(=O)[C@H](Cc1ccc2oc(nc2c1)c3c(Cl)cccc3Cl)NC(=O)c4c(Cl)cncc4Cl,timbal,5.9291,5,2,6,4,525.175,8.36653154442041,6.13
Nc1cc(C[C@H](NS(=O)(=O)c2cccc(c2)C(F)(F)F)C(=O)O)ccc1OCCCCNC3=NCCCN3,timbal,2.3597,5,5,12,3,557.595,6.99567862621736,8.18
CC(=O)N1CSC[C@H]1C(=O)N\C(=C\c2ccc(OCc3ccccc3)cc2)\C(=O)O,timbal,2.7287,5,3,7,3,426.494,4.69897000433602,5.17
OC(=O)CC1CC1c2ccc(OCCc3ccc4CCCNc4n3)c(F)c2,timbal,3.7785,5,2,7,4,370.424,8.52287874528034,7.82
N[C@@H](Cc1ccc(O)cc1)C(=O)N[C@H]2CSSC[C@H](NC(=O)c3ccc(CNC2=O)cc3)C(=O)O,timbal,0.6412,6,6,5,4,518.617,6.3767507096021,7.02
OC(=O)[C@@H]1CC[C@H](CC1)OC[C@@H]2C[C@H](F)CN2C(=O)Cc3cc(Cl)c(NC(=O)c4nsc5ccccc45)cc3F,timbal,5.4826,8,3,8,5,592.064,6.75448733218585,6.87
CN1N=CC(=C(C1=O)c2ccc(C[C@H](NC(=O)c3c(Cl)cccc3Cl)C(=O)O)cc2)N4CCCC4,timbal,3.78,5,2,7,4,515.397,7.79588001734408,7.37
CC(=O)N1CSCC1C(=O)N\C(=C\c2ccc(OCc3c(Cl)cccc3Cl)cc2)\C(=O)O,timbal,4.0355,5,3,7,3,495.384,4.08092190762393,5.25
CC(=O)N1CC[C@H]([C@@H]1C(=O)N[C@H]2CSSC[C@H](NC(=O)[C@@H]3CCCN3C(=O)[C@H](CO)NC2=O)C(=O)O)c4ccc(O)cc4,timbal,-0.9861,9,8,5,4,637.737,9.30102999566398,6.85
CSCCC1(CCCC1)C(=O)N[C@@H](Cc2ccc(NC(=O)c3c(Cl)cccc3Cl)cc2)C(=O)O,timbal,5.6711,4,3,10,3,523.482,7.20760831050175,7.62
CCOC(=O)COC1CCN(CC1)C(=O)[C@H](Cc2ccc(O)cc2)NC(=O)c3ccc(cc3)C(=N)N,timbal,1.58807,6,5,10,3,496.564,7.29242982390206,6.02
c1ccc(cc1)S(=O)(=O)NC(CNC(=O)c2ccc(s2)c3cccc(c3)NC(=N)N)C(=O)O,timbal,1.88197,5,6,9,3,487.563,7.02227639471115,9.42
OC(=O)[C@H](Cc1ccc2nc(oc2c1)c3c(Cl)cccc3Cl)NC(=O)[C@@H]4CCN4S(=O)(=O)c5cc(Cl)cc(Cl)c5,timbal,5.6835,6,2,8,5,643.332,7.48148606012211,7.81
OC(=O)CC(Cc1onc(CCCc2ccc3CCCNc3n2)n1)c4ccc5CCOc5c4,timbal,3.7339,6,2,9,5,448.523,9.20065945054642,7.54
COc1cccc(OC)c1c2ccc(CC(Nc3ccc(cc3)S(=O)(=O)c4ccccc4)C(=O)O)cc2,timbal,5.3114,6,2,10,4,517.603,6.61978875828839,6.68
OC(=O)CC(Cc1ccc(OCCCNc2ccccn2)cc1)c3cccnc3,timbal,4.1586,5,2,11,3,391.471,9.30102999566398,7.28
CCCS(=O)(=O)c1cc(NC(Cc2ccc(NC(=O)c3c(Cl)cncc3Cl)cc2)C(=O)O)ncc1C(=O)O,timbal,4.0254,9,4,11,3,581.434,7.04575749056068,7.81
CCCN(C(=O)CC(=O)O)C1=C(C)CC(N(Cc2ccc(N)cc2)C1=O)c3ccccc3,timbal,3.7297,4,4,8,3,435.524,6.22184874961636,6.89
COc1ccccc1c2ccc(C[C@H](NC(=O)[C@H]3CSCN3C(=O)C)C(=O)O)cc2,timbal,2.3955,5,3,7,3,428.51,9.69897000433602,7.79
OC(=O)C[C@H](Cc1onc(CCCCNc2cc(ccn2)N3CCOCC3)n1)c4ccc5OCOc5c4,timbal,3.2657,8,2,12,5,509.563,7.76955107862173,7.88
OC(=O)CC(Cc1onc(CCCc2ccc3CCCNc3n2)n1)c4cnc(s4)C5CC5,timbal,4.1329,6,2,10,5,453.568,9.22184874961636,8.68
c1ccc(cc1)S(=O)(=O)NC(CNC(=O)c2ccc(s2)c3cccc(c3)CNC(=N)N)C(=O)O,timbal,1.55967,5,6,10,3,501.59,8.65757731917779,8.4
OC(=O)CCC1CC1c2ccc(OCCc3ccc4CCCNc4n3)nc2,timbal,3.4245,5,2,8,4,367.449,6.80687540164554,8
OC(=O)CCN1CCC2(CCC(CC2)C(=O)N3CCN(CC3)c4ccncc4)CC1,timbal,2.4773,4,3,5,4,414.55,5.46218090492673,5.55
NC(=N)NCCC[C@@H]1NC(=O)[C@H]2CCCN2C(=O)CSC[C@H](NC(=O)[C@H](CC(=O)O)NC(=O)CNC1=O)C(=O)O,timbal,-3.88263,9,10,7,2,586.628,7.94309514866353,7.75
FC(F)(F)C(=O)NC(=O)[C@H](Cc1ccc(NC(=O)c2c(Cl)cncc2Cl)cc1)NC(=O)[C@@H]3CCCN3S(=O)(=O)c4cc(Cl)cc(Cl)c4,timbal,5.0332,7,3,9,4,755.386,8,7.38
CNC(=O)[C@H](Cc1ccc2ccccc2c1)N3CCC(=O)N(CCc4cnc5ccccc5c4)[C@@H](CC(C)C)C3=O,timbal,4.7634,4,3,9,5,550.703,6.05060999335509,5.69
NC(=N)NCCC[C@@H]1NC(=O)[C@H](Cc2ccc(O)cc2)NC(=O)CSC[C@H](NC(=O)[C@H](CC(=O)O)NC(=O)CNC1=O)C(=O)N,timbal,-4.03983,9,11,9,2,651.703,8.60205999132796,8.06
OC(=O)C[C@@H](NC(=O)CNC(=O)c1cccc(NC2=NCCCN2)c1)c3cc(Br)cc(Br)c3O,timbal,2.7404,5,6,8,3,597.264,8.39794000867204,8.5
OC(=O)[C@H](CNC(=O)C1=NOC(CCCCNc2ncc[nH]2)C1)NS(=O)(=O)c3c(Cl)cccc3Cl,timbal,1.9915,7,6,13,3,547.421,7.74472749489669,7
Cc1cc(C)c(c(C)c1)S(=O)(=O)N[C@@H](CNC(=O)C2=NOC(CCNc3ncc[nH]3)C2)C(=O)O,timbal,0.82976,7,6,11,3,492.558,6.97469413473523,7.38
Cc1cccc2[nH]c(Nc3ccc(cc3)C(=O)N[C@H](CCCCNC(=O)\C=C\c4cccnc4)C(=O)N[C@H](CCCC(=O)O)C(=O)NC5(CCCCC5)C(=O)N)nc12,timbal,4.15232,9,9,20,5,793.926,7.56066730616974,8.89
COc1cccc(OC)c1c2ccc(C[C@H](NC(=O)[C@@]3(CC(C)C)CCCO3)C(=O)O)cc2,timbal,4.078,6,2,10,3,455.551,7.65169513695184,7.02
Cc1onc(C)c1S(=O)(=O)N[C@@H](CNC(=O)C2=NOC(CCCCNc3ncc[nH]3)C2)C(=O)O,timbal,0.28954,8,6,13,3,497.534,7.13667713987954,7.14
CCCC(C)\N=C/1\C(\C(=C1O)O)=N\[C@@H](Cc2ccc(NC(=O)c3c(Cl)cncc3Cl)cc2)C(=O)O,timbal,3.6134,6,4,9,3,519.385,7.30102999566398,8.93
COc1ccnc(NC[C@@H]2C[C@H](CN2C(=O)OCc3ccccc3)OCC(=O)NC[C@H](NC(=O)c4c(C)cc(C)cc4C)C(=O)O)c1,timbal,3.22306,9,5,14,4,647.729,9.26760624017703,6.54
CC(C)(C)\N=C/1\C(\C(=C1O)O)=N\[C@@H](Cc2ccc(NC(=O)c3c(Cl)cncc3Cl)cc2)C(=O)O,timbal,3.2233,6,4,6,3,505.358,8.45593195564972,8.56
COc1ccnc(NC[C@@H]2C[C@H](CN2C(=O)CC(C)(C)C)OCC(=O)NC[C@H](NS(=O)(=O)c3c(C)cc(C)cc3C)C(=O)O)c1,timbal,2.39756,9,5,14,3,647.795,4.95860731484177,8.73
NC(=N)NCCCCOc1ccc(C[C@H](NS(=O)(=O)c2cccc(c2)C(F)(F)F)C(=O)O)cc1N,timbal,1.90387,5,6,12,2,517.53,8.76955107862173,8.08
OC(=O)CC(CCC1CCN(CC1)C(=O)Cc2ccc3CCCNc3n2)c4ccc5OCOc5c4,timbal,3.9882,6,3,8,5,479.577,7.1249387366083,8.91
COc1ccccc1c2ccc(C[C@H](NC(=O)C3(CCCC3)c4ccc[n+]([O-])c4)C(=O)O)cc2,timbal,3.6195,4,2,8,4,460.53,6.74472749489669,7.69
N[C@@H](CCCN=C(N)N)C(=O)NCC(=O)N[C@@H](CC(=O)O)C(=O)N[C@@H](CS)C(=O)O,timbal,-4.0578,7,9,14,0,449.49,6,5.7
OC(=O)C[C@H](NC(=O)CN1CC[C@H](CCc2ccc3CCCNc3n2)C1=O)c4ccc5OC(F)(F)Oc5c4,timbal,2.8745,7,4,9,5,530.528,8.23657200643706,7.36
CNC(=O)[C@H](Cc1ccc2ccccc2c1)N3CC(=O)N(Cc4ccc(Br)cc4)[C@@H](CC(C)C)C3=O,timbal,4.5451,3,3,8,4,550.497,5.53017798402184,5.86
N[C@@H](Cc1ccc(O)cc1)C(=O)N[C@H]2CSSC[C@H](NC(=O)[C@H](CC3CCCCC3)NC2=O)C(=O)O,timbal,1.1664,6,6,7,3,538.692,4.74472749489669,5.99
COc1cc(N[C@@H](Cc2ccc(NC(=O)c3c(Cl)cncc3Cl)cc2)C(=O)O)nc(n1)S(=O)(=O)C,timbal,2.9506,9,3,9,3,540.385,6,7.13
CC(=O)N1CSC[C@@H]1C(=O)N[C@@H](Cc2ccc(OCc3c(F)cccc3F)cc2)C(=O)O,timbal,2.5771,7,3,8,3,464.49,7.22184874961636,6.94
CCOC(=O)C[C@H](NC(=O)CN(CCCOC)C(=O)Cc1ccc(NC(=O)Nc2ccccc2C)cc1)c3ccc(OC)cc3,timbal,4.86592,7,4,16,3,618.731,4.1249387366083,5.78
C[C@]1(CCCN1S(=O)(=O)c2cc(Cl)cc(Cl)c2)C(=O)N[C@@H](Cc3ccc(cc3)c4ccccn4)C(=O)O,timbal,4.4107,6,2,8,4,562.475,7.012780770092,6.63
Cc1cc(C)c(c(C)c1)S(=O)(=O)N[C@@H](CNC(=O)CO[C@@H]2C[C@@H](CNc3ccccn3)N(CCCc4ccccc4)C2)C(=O)O,timbal,3.05896,7,5,16,4,637.803,6.17392519729917,8.68
CCC1(CC)CCNC(=O)[C@H](CSSC[C@H](NC1=O)C(=O)O)NC(=O)[C@@H](N)Cc2ccc(O)cc2,timbal,1.0239,6,6,7,2,526.681,8.4089353929735,6.04
OC(=O)[C@H](CNC(=O)CO[C@@H]1C[C@@H](CNc2ccccn2)N(C1)C(=O)OCc3ccccc3)NC(=O)c4ccccc4,timbal,2.2892,8,5,13,4,575.622,6.80966830182971,7.55
CCn1cc(C(=O)Nc2ccc(CC(=O)N3C[C@@H](F)C[C@H]3CO[C@@H]4CC[C@H](CC4)C(=O)O)cc2Cl)c5ccccc15,timbal,5.7084,6,3,9,5,584.088,6.6903698325741,6.85
COC(=O)[C@H](Cc1ccc2ccccc2c1)N3CC[C@@H](C)N([C@@H](CC(C)C)C3=O)C(=O)Cc4ccc5ncccc5c4,timbal,5.5789,5,2,8,5,565.714,5.58502665202918,5.8
COc1ccnc(NC[C@@H]2C[C@H](CN2C(=O)CC(C)(C)C)OCC(=O)NC[C@H](NC(=O)C3(C)CCCCC3)C(=O)O)c1,timbal,2.5804,8,5,13,3,589.734,5.36653154442041,8.23
COc1cccc(OC)c1c2ccc(CC(NC(=O)C3(CCCC3)c4ccccc4)C(=O)O)cc2,timbal,4.9947,5,2,9,4,473.569,6.95860731484177,7.31
CC(C)C[C@H](NC(=O)Cc1ccc(NC(=O)Nc2ccccc2C)cc1)C(=O)N3CCC(CC3)C(=O)O,timbal,4.03562,5,5,9,3,508.619,5.32790214206428,6.25
CN(C)C(=O)Oc1ccc(C[C@H](Nc2ncncc2c3c(F)cccc3F)C(=O)O)cc1,timbal,3.59,8,3,7,3,442.422,7.56863623584101,7.45
CNC(=O)[C@H](Cc1ccc2ccccc2c1)N3CCC(=O)N(CC(=O)Nc4ccncc4)[C@@H](CC(C)C)C3=O,timbal,3.0062,5,4,9,4,529.641,5.43179827593301,6.42
COC1=C(C(=O)N(Cc2ccccc2)N=C1)c3ccc(C[C@H](NC(=O)c4c(Cl)cccc4Cl)C(=O)O)cc3,timbal,4.6997,6,2,9,4,552.414,7,6.78
CC(C)C[C@H](NC(=O)Cc1ccc(O)cc1)C(=O)N[C@@H](CC(=O)O)C(=O)N[C@@H](C(C)C)C(=O)O,timbal,0.6505,8,6,13,1,479.53,6.36653154442041,6.48
COC1=C(C(=O)N(C)N=C1)c2ccc(C[C@H](NC(=O)OCc3ccccc3)C(=O)O)cc2,timbal,2.378,7,2,8,3,437.452,6.24412514432751,6.93
COc1cccc(OC)c1c2ccc(C[C@H](NC(=O)[C@]3(CCCO3)c4ccc(Cl)cc4)C(=O)O)cc2,timbal,4.842,6,2,9,4,509.986,8.32330639037513,8.3
C[C@@H]1NC(=O)[C@@H]2CCCN2C(=O)[C@H](CSSC[C@H](NC1=O)C(=O)O)NC(=O)[C@@H](N)Cc3ccc(O)cc3,timbal,-0.7931,7,7,5,3,553.663,6.63827216398241,6.73
N[C@@H](Cc1ccc(O)cc1)C(=O)N[C@H]2CSSC[C@H](NC(=O)[C@@H](NC2=O)C3CCCCC3)C(=O)O,timbal,0.7763,6,6,6,3,524.665,3.93930215964639,5.61
COC1=C(C(=O)N(C)N=C1)c2ccc(C[C@H](NC(=O)c3c(Cl)cccc3Cl)C(=O)NS(=O)(=O)C)cc2,timbal,2.1796,7,2,8,3,553.424,6,6.03
C[n+]1ccc(C(=O)Nc2ccc(C[C@H](NC(=O)[C@]3(C)CCCN3S(=O)(=O)c4cc(Cl)cc(Cl)c4)C(=O)O)cc2)c(Cl)c1,timbal,4.0789,6,3,9,4,654.98,9.79588001734408,9.41
OC(=O)[C@H](CNC(=O)C1=NOC(CCCCNc2ncc[nH]2)C1)NS(=O)(=O)c3cccc4ccccc34,timbal,1.8379,7,6,13,4,528.591,7.29242982390206,6.88
Cc1ccc(cc1)C(CC(=O)O)Cc2csc(CCCc3ccc4CCCNc4n3)n2,timbal,5.18092,4,2,9,4,435.593,7.95624487303132,6.91
OC(=O)[C@H](Cc1ccc(cc1)N2C(=O)CC3(CCCC3)CC2=O)NC(=O)[C@@H]4CCC(=O)N4Cc5ccccc5,timbal,3.2035,6,3,8,5,531.609,7.24412514432751,7.28
C[C@@]1(CCCO1)C(=O)N[C@@H](Cc2ccc(cc2)c3c(OC4CC4)cccc3OC5CC5)C(=O)O,timbal,4.117,6,2,10,5,465.546,8.61978875828839,7.38
COc1cccc(OC)c1c2ccc(CC(Nc3cc(Cl)cc(Cl)c3)C(=O)O)cc2,timbal,5.7854,4,2,8,3,446.33,5.18775530319963,6.66
CC(C)C[C@H](NC(=O)Cc1ccc(NC(=O)Nc2ccccc2C)cc1)C(=O)N[C@@H](CC(=O)O)C(=O)O,timbal,2.75652,7,6,12,2,512.563,7.16749108729376,6.45
COc1ccnc(Cl)c1C(=O)Nc2ccc(C[C@H](NC(=O)[C@]3(C)CCCN3S(=O)(=O)c4cc(Cl)cc(Cl)c4)C(=O)O)cc2,timbal,4.658,8,3,10,4,669.971,10.0969100130081,9.45
CCCOc1nc(N[C@@H](Cc2ccc(NC(=O)c3c(Cl)cncc3Cl)cc2)C(=O)O)nc(OCCC)n1,timbal,4.5111,9,3,13,3,549.415,7.30102999566398,6.39
COC1=C(C(=O)N(C)N=C1)c2ccc(C[C@H](NC(=O)N(C(C)C)c3ccccc3)C(=O)O)cc2,timbal,3.0762,6,2,8,3,464.522,7.03621217265444,7.13
CCCCS(=O)(=O)NC(CNC(=O)c1cc2cc(OCCON=C(N)N)ccc2[nH]1)C(=O)O,timbal,-0.3458,7,6,14,2,484.535,7.97881070093006,7.1
NC(=N)NOCCOc1ccc2[nH]c(cc2c1)C(=O)NCC(NC(=O)OCc3ccccc3)C(=O)O,timbal,1.07077,7,7,12,3,498.496,8.14266750356873,6.76
CNc1cccc(CCOc2cc(CC(CC(=O)O)c3ccc4OCOc4c3)on2)n1,timbal,3.2625,7,2,10,4,425.441,8.60380065290426,8.15
OC(=O)CC(Cc1onc(OCCc2ccc3CCCNc3n2)c1)c4cnc(s4)c5ccc(Cl)cc5,timbal,5.6271,6,2,10,5,525.03,6.88272870434424,7.24
OC(=O)[C@H](CNC(=O)c1cccc2c1cnn2CCCNC3=NCCN3)NC(=O)OCc4ccccc4,timbal,1.0846,6,5,11,4,507.551,8.13667713987954,6.97
OC(=O)C(CNC(=O)CN1C(=O)N[C@@H](CC(=O)NCc2nc3ccccc3[nH]2)C1=O)NC(=O)OCc4ccccc4,timbal,-0.0146,9,8,12,4,565.543,5.30102999566398,6.87
NC(=N)NCCC[C@@H]1NC(=O)N(CC(=O)NCC(\N=C(/S)\NCc2ccccc2)C(=O)O)C1=O,timbal,-1.18493,5,9,12,2,492.562,5,6.68
OC(=O)C(CNC(=O)CN1C(=O)N[C@@H](CC(=O)NNC2=NCCN2)C1=O)NC(=O)OCc3ccccc3,timbal,-2.6273,8,8,10,3,518.487,6.23657200643706,6.92
CC(C)[C@H]1NC(=O)[C@@H](Cc2ccccc2)NC(=O)[C@@H](CC(=O)O)NC(=O)CN(C)C(=O)[C@H](CCCN=C(N)N)NC1=O,timbal,-2.1754,7,8,9,2,588.666,7.34678748622466,6.05
C[C@H](NC(=O)c1ccc(cc1)C(=N)N)C(=O)N2CCC(CC2)OCC(=O)O,timbal,0.18117,5,5,7,2,376.413,8.72124639904717,6.76
OC(=O)C[C@H](NC(=O)CNC(=O)CCCc1ccc2CCCNc2n1)c3cccnc3,timbal,1.6058,6,4,10,3,425.489,8.05551732784983,7.68
COc1ccc(cn1)[C@H](CC(=O)O)N2CCN(CCC(=O)c3ccc4CCCNc4n3)C2=O,timbal,2.3697,7,4,9,4,453.499,8.52287874528034,9.08
OC(=O)C[C@H](N1CCN(CCCc2ccc3CCCNc3n2)C1=O)c4cccnc4,timbal,2.7209,5,4,8,4,409.49,9.60205999132796,8.94
COc1ccc(cc1F)[C@H](CC(=O)O)N2CCN(CCCc3ccc4CCCNc4n3)C2=O,timbal,3.4736,6,4,9,4,456.518,9.45593195564972,8.75
OC(=O)C[C@H](N1CCN(CCCc2ccc3CCCNc3n2)C1=O)c4ccc5CCOc5c4,timbal,3.2608,5,4,8,5,450.539,10,8.86
COC(=O)[C@H](CC(=O)O)NC(=O)C1CCCN(C1)C(=O)[C@H](CCCCN)NC(=O)OC(C)(C)C,timbal,0.3798,8,5,11,1,486.566,7.53760200210104,6.15
CC(C)(C)OC(=O)N[C@@H](CCCCNC(=O)OCc1ccccc1)C(=O)N2CCC[C@H](C2)C(=O)NCCC(=O)O,timbal,2.8059,8,5,13,2,562.664,4.69897000433602,6.81
NCCCCCC(=O)N1CCCC(CNCCC(=O)O)C1,timbal,0.8084,3,4,10,1,299.415,5.23657200643706,6.87
CC(C)NCCCCC(NC(=O)OC(C)(C)C)C(=O)NC12CC3CC(CC(C3)(C1)NCC(=O)O)C2,timbal,2.9298,5,5,12,4,494.677,4.52432881167557,6.25
O=C1NC(=O)\C(=C\c2c[nH]c3ccccc23)\C(=O)N1c4ccccc4,timbal,2.8343,3,2,2,4,331.331,6.04575749056068,5.06
O=C1NC(=O)\C(=C\c2c[nH]c3ccccc23)\C(=O)N1c4cccc5ccccc45,timbal,3.9875,3,2,2,5,381.391,7.22184874961636,6.47
O=C1NC(=O)\C(=C\c2occc2)\C(=O)N1c3ccccc3,timbal,1.946,3,1,2,3,282.255,5.88605664769316,5.28
OC(=O)[C@H](Cc1ccc(NC(=O)c2c(Cl)cccc2Cl)cc1)NC(=O)C3(CCCC3)c4ccccc4,timbal,5.8696,4,3,8,4,525.432,7.00877392430751,7.92
OC(=O)[C@@H]1CC[C@H](CC1)OC[C@@H]2C[C@H](F)CN2C(=O)Cc3cc(Cl)c(NC(=O)c4noc5ccccc45)cc3F,timbal,5.0141,8,3,8,5,575.996,6.89279003035213,6.92
Nc1ccc(Sc2ccc(Cl)cc2Cl)c(Cl)c1,timbal,5.3802,0,1,2,2,304.629,5.76955107862173,5.27
C[C@@H]1NC(=O)[C@H](CSSC[C@H](NC(=O)[C@@H]2CC(O)CN2C1=O)C(=O)O)NC(=O)[C@@H](N)Cc3ccc(O)cc3,timbal,-1.8223,8,8,5,3,569.662,8.30102999566398,6.36
OC[C@@H]1NC(=O)[C@H](CSSC[C@H](NC(=O)[C@@H]2CCCN2C1=O)C(=O)O)NC(=O)c3cccc4c3Cc5ccccc45,timbal,0.7887,7,6,4,5,598.703,5.82390874094432,6.3
N\C(=N/CC#C)\c1ccc(cc1)C(=O)Nc2ccc3OCC(CC(=O)O)Cc3c2,timbal,2.3032,4,3,6,3,391.427,9.88605664769316,9.08
N\C(=N/Cc1occc1)\c2ccc(cc2)C(=O)Nc3ccc4CCC(CC(=O)O)Cc4c3,timbal,4.017,3,3,7,4,431.492,9.69897000433602,9.17
Cc1cccc(C)c1NC(=O)Nc2ccc(CC(=O)NCCCCCCCCCCCCNC(=O)CCCC[C@@H]3SC[C@@H]4NC(=O)N[C@H]34)cc2,timbal,7.34914,4,6,22,4,706.998,4.01010543628123,5.29
c1cc(cc(c1)C(F)(F)F)c2csc(n2)n3c(c(cn3)C(=O)NCCCNC4CCCCC4)C(F)(F)F,timbal,6.0756,3,2,8,4,545.553,4.60205999132796,4.85
Cc1cc(C)c(c(C)c1)S(=O)(=O)N[C@@H](CNC(=O)C2=NOC(CCCc3c[nH]c(N)n3)C2)C(=O)O,timbal,0.93266,7,6,11,3,506.585,7.33724216831843,7.11
Cc1cc(C)c(c(C)c1)S(=O)(=O)N[C@@H](CNC(=O)C2=NOC(CCCCNC3=NCCN3)C2)C(=O)O,timbal,0.32356,6,5,12,3,522.628,7.20760831050175,6.85
Cc1ccccc1NC(=O)Nc2ccc(cc2)CC(=O)N(CCC(C)C)CC(=O)NC(CC(=O)[O-])c3ccccc3,timbal,4.05372,4,4,13,3,557.671,7.53760200210104,5.73
CC(C)C[C@H](NC(=O)Cc1ccc(NC(=O)Nc2ccccc2C)cc1)C(=O)N[C@H](CC=C)CC(=O)O,timbal,4.24802,5,5,13,2,508.619,7.78251605578609,5.82
OC(=O)[C@H](CNC(=O)c1cccs1)NC(=O)c2c(Cl)cc3CN(CCc3c2Cl)C(=O)c4ccc5CCOc5c4,timbal,3.8013,6,4,7,5,588.469,7.88605664769316,7.74
OC(=O)[C@H](CNC(=O)C1CCCCC1)NC(=O)c2c(Cl)cc3CN(CCc3c2Cl)C(=O)c4ccc(Cl)cc4,timbal,4.7248,5,4,7,4,580.896,6.26760624017703,7.37
OC(=O)[C@H](CNC(=O)c1cccs1)NC(=O)c2c(Cl)cc3CN(CCc3c2Cl)C(=O)\C=C\c4occc4,timbal,3.859,5,4,8,4,562.431,7.60205999132796,7.1
CCOc1ccc(cc1)\N=C/2\S\C(=C/c3ccc(cc3)N(C)C)\C(=O)N2CC,timbal,4.7752,2,1,6,3,395.528,7.61978875828839,6.1
Nc1nc(O)c2nc(CCCNc3ccc(cc3)C(=O)NC(CCC(=O)O)C(=O)O)cnc2n1,timbal,0.8001,10,6,11,3,469.458,7.2839966563652,7.83
CN1CCNc2nc(CCCc3nc(CC(CC(=O)O)c4ccc5OCOc5c4)cs3)ccc12,timbal,4.1048,6,2,9,5,480.59,9.21467016498923,8.52
CC(=O)N1CCN(CC1)C(=O)\C=C\c2ccc(Sc3ccc4c(ccn4CC(=O)O)c3)c(Cl)c2,timbal,4.2344,4,3,6,4,498.004,6.48148606012211,5.84
Nc1ccc(Sc2ccc3ccccc3c2Cl)c(Cl)c1,timbal,5.88,0,1,2,3,320.244,5.63827216398241,5.88
COc1ccccc1c2ccc(C[C@H](NC(=O)C3(CCCC3)S(=O)(=O)C4CCCCC4)C(=O)O)cc2,timbal,4.5344,6,2,9,4,513.656,7.2839966563652,7.33
CS(=O)(=O)N1CCC(C[C@H](NC(=O)c2c(Cl)cc3CN(CCc3c2Cl)C(=O)c4ccc5ccoc5c4)C(=O)O)C1,timbal,3.7927,6,3,7,5,608.5,6,7.63
OC(=O)[C@H](Cc1c[nH]cn1)NC(=O)c2c(Cl)cc3CN(CCc3c2Cl)C(=O)c4ccc(Cl)cc4,timbal,3.9941,5,5,6,4,521.788,6.36653154442041,7.44
CS(=O)(=O)c1oc(C[C@H](NC(=O)c2c(Cl)cc3CN(CCc3c2Cl)C(=O)c4ccc5ccoc5c4)C(=O)O)cc1,timbal,4.3603,6,3,7,5,605.452,7.01772876696043,7.32
OC(=O)CC(CC1CCN(CC1)C(=O)CCc2ccc3CCCNc3n2)c4ccc5ccccc5c4,timbal,5.4127,4,3,8,5,485.628,8.72124639904717,6.56
CC(C)(C)OC(=O)[C@@H]1C[C@H](CC(=O)O)[C@H]2CC[C@H](NC(=O)[C@@H](N)CCCNC(=N)N)C(=O)N12,timbal,-0.74233,6,7,9,2,468.555,6.51712641639125,5.17
Cc1ccccc1NC(=O)Nc2ccc(CC(=O)C3CCC(CC3)(C(=O)N[C@@H](Cc4ccccc4)C(=O)O)c5ccccc5)cc2,timbal,6.69092,5,4,11,5,617.746,8.09151498112135,6.46
NC(=N)NC(=N)Nc1cc(Cl)cc(Cl)c1,timbal,1.82314,0,5,1,1,246.101,4.47495519296315,4.24
COc1cc(NS(=O)(=O)c2ccc(NC(=O)COc3ccc(Cl)cc3Cl)cc2)nc(OC)n1,timbal,3.6189,8,2,9,3,513.359,3.86327943284359,4.81
NC(=N)NC(=N)Nc1ccc(SC(F)F)cc1,timbal,1.83104,0,5,3,1,259.285,3.74933608053676,4
NC(=N)NC(=N)Nc1cccc(Cl)c1Cl,timbal,1.82314,0,5,1,1,246.101,4.05898575629443,4.36
COc1cc(\C=C/2\C(=NN(C2=O)c3ccc(cc3)C(=O)O)C)ccc1OC(=O)c4ccccc4,timbal,4.4187,6,1,6,4,456.454,3.84436036624022,6.18
NC(=N)NC(=N)Nc1cccc(Cl)c1,timbal,1.16974,0,5,1,1,211.656,3.71987710369769,3.83
NC(=N)NC(=N)Nc1ccc(Cl)c(Cl)c1,timbal,1.82314,0,5,1,1,246.101,4.4145392704915,4.13
NC(=N)NC(=N)Nc1ccc(F)c(Cl)c1,timbal,1.30884,1,5,1,1,229.646,4.01188715973165,4
Cn1cnnc1SCC(=O)Nc2ccc(c(O)c2)c3oc4cc(NC(=O)CSc5nncn5C)ccc4n3,timbal,2.919,8,3,9,5,551.614,3.79021698515148,5.63
NC(=N)NC(=N)Nc1cc(ccc1Cl)C(F)(F)F,timbal,2.18854,0,5,1,1,279.653,3.8955128886876,4.15
NC(=N)c1ccc(COc2ccc3C(=O)N(CC(=O)O)C=Cc3c2)cc1,timbal,1.94917,4,3,6,3,351.362,5.3767507096021,6.57
OC(CNC(=O)[C@@H]1CCCN(C1)C(=O)CCC2CCNCC2)C(=O)O,timbal,-0.4335,5,5,7,2,355.435,8.45593195564972,7.41
Cc1ccccc1NC(=O)Nc2ccc(CC(=O)Nc3cn(CCC(=O)O)c(C)n3)cc2,timbal,3.79984,5,4,8,3,435.484,5.52287874528034,6.75
CN(CC(C(=O)O)c1ccc2CCOc2c1)C(=O)CCCCc3nc4NCCCc4cc3C5CC5,timbal,4.2916,5,3,10,5,477.605,9.30980391997149,8.82
OC(=O)CCC1CC1c2ccc(OCc3ccc4CCCNc4n3)cc2,timbal,3.987,4,2,7,4,352.434,6,7.75
CNc1cccc(CCOc2ccc(cc2)C3CC3CC(=O)O)n1,timbal,3.323,4,2,8,3,326.396,8.15490195998574,7.1
COc1nc(N[C@@H](Cc2ccc(cc2)N(C)C(=O)c3c(Cl)cncc3Cl)C(=O)O)nc(OC)n1,timbal,2.975,9,2,9,3,507.334,5.25963731050576,7.07
OC(=O)[C@H](CCCCCCCc1ccc2CCCNc2n1)NC(=O)OCc3ccccc3,timbal,4.7024,5,3,12,3,439.556,8.21467016498923,8.02
OC(=O)[C@H](CCCCCCCc1ccc2CCCNc2n1)NS(=O)(=O)Cc3ccccc3,timbal,3.8956,5,3,13,3,459.612,7.46218090492673,7.63
CCCCS(=O)(=O)N[C@@H](CNC(=O)CCCCc1ccc2CCCNc2n1)C(=O)O,timbal,1.4414,6,4,13,2,440.566,8.63827216398241,8.71
OC(=O)[C@H](CCCCCCCc1ccc2CCCNc2n1)NC(=O)c3ccccc3,timbal,4.206,4,3,11,3,409.53,7.1444808443322,7.77
Cc1ccccc1NC(=O)Nc2ccc(CC(=O)N3CCCC3C(=O)N4CCN(CC(=O)O)CC4)cc2,timbal,2.40132,5,6,7,4,507.591,7.88605664769316,8.33
COc1cc(CC(=O)N2CCCC2C(=O)N3CCN(CC(=O)O)CC3)ccc1NC(=O)Nc4ccccc4C,timbal,2.40992,6,6,8,4,537.617,8.79588001734408,8.03
Clc1cc(Cl)cc(c1)S(=O)(=O)N2CCC[C@H]2C(=O)N[C@@H](Cc3ccc(NC(=O)c4c(Cl)cncc4Cl)cc3)c5nn[nH]n5,timbal,4.7139,8,5,9,5,684.393,7.22184874961636,6.05
NC(=N)NCCCCCCCC(=O)N[C@@H](CC(=O)O)C(=O)N[C@@H](Cc1ccccc1)C2N=NN=N2,timbal,1.65617,4,6,16,2,487.565,5.69897000433602,5.2
Cc1cc(C)c(c(C)c1)S(=O)(=O)N[C@@H](CNC(=O)C2=NOC(CCCCN=C(N)N)C2)C(=O)O,timbal,0.04816,6,5,12,2,496.59,6.77211329538633,7.05
CN(Cc1nc2ccccc2[nH]1)C(=O)c3ccc4CC(CC(=O)O)c5ccccc5Cc4c3,timbal,4.5403,4,4,5,5,439.515,5.74472749489669,6.97
COc1cc(ccn1)C2(CCCC2)C(=O)N[C@@H](Cc3ccc(cc3)c4ccccc4OC)C(=O)O,timbal,4.3897,6,2,9,4,474.557,7.82390874094432,7.18
COc1ccccc1c2ccc(C[C@H](NC(=O)C3(CCCC3)c4cnc5ccccc5c4)C(=O)O)cc2,timbal,5.5343,5,2,8,5,494.591,7.00877392430751,6.79
Cc1cccc(C)c1NC(=O)Nc2ccc(CC(=O)Nc3ccc(OCC(=O)OC(C)(C)C)c(CCC(=O)O)c3)cc2,timbal,5.86634,7,4,11,3,575.662,4.16494389827988,7.21
CCCN(C(=O)C(CC(=O)OC)C(=O)O)C1=C(C)CC(N(Cc2ccc(N)cc2)C1=O)c3ccccc3,timbal,3.5189,6,4,10,3,507.587,4.34678748622466,6.94
OC(=O)[C@H](Cc1c[nH]c2ccccc12)NC(=O)c3c(Cl)cc4CN(CCc4c3Cl)C(=O)c5ccc(Cl)cc5,timbal,5.7523,4,4,6,5,570.86,6.09151498112135,8.35
CC(=O)N1CCN(CC1)C(=O)\C=C\c2ccc(Sc3cc4[nH]c(O)nc4cc3Cl)c(Cl)c2,timbal,4.4304,4,5,4,4,491.4,6.10237290870956,7.47
OC(=O)C(CNC(=O)CN1C(=O)N[C@@H](CCCNC2=NCCN2)C1=O)NC(=O)OCc3ccccc3,timbal,-1.2684,7,7,12,3,503.516,7.69897000433602,6.34
CS(=O)(=O)Nc1ccc(cc1)C2=NN(C(C2)c3occc3)C(=O)CCCC(=O)O,timbal,2.5837,5,2,8,3,419.459,6.21824462534753,7.14
CNc1cccc(CCOc2ccc3c(CCC(=O)O)csc3c2)n1,timbal,3.9767,4,2,8,3,356.447,5.10790539730952,6.5
NCCCCCC(=O)N1CCCC(C1)C(=O)NCCC(=O)O,timbal,0.335,4,4,9,1,313.398,7.88605664769316,5.75
OC(=O)[C@@H]1CC[C@H](CC1)OC[C@@H]2C[C@H](F)CN2C(=O)Cc3cc(Cl)c(NC(=O)c4n[nH]c5ccccc45)cc3F,timbal,4.7492,8,5,8,5,575.012,6.96657624451305,7.18
COc1ccc(CCNC(=O)C(CC(=O)O)NC(=O)CCCCCCCN=C(N)N)cc1,timbal,0.9274,5,5,16,1,449.552,5.04575749056068,6.8
COc1ccccc1c2ccc(C[C@H](NC(=O)C3(CCCC3)c4cncc5ccccc45)C(=O)O)cc2,timbal,5.5343,5,2,8,5,494.591,6.92081875395238,6.98
CCOc1cc(\C=C/2\S\C(=N/c3ccc(cc3)C(=O)O)\N(C)C2=O)ccc1O,timbal,3.7229,5,3,5,3,398.44,6.61978875828839,7.38
OC(=O)C[C@@H](NC(=O)[C@@H]1CCN1S(=O)(=O)c2cc(Cl)cc(Cl)c2)c3ccccc3,timbal,3.0886,5,2,7,3,457.335,8.61978875828839,6.2
CNC(=O)[C@H](Cc1ccc2ccccc2c1)N3CCC(=O)N(C\C=C\c4ccncc4)[C@@H](CC(C)C)C3=O,timbal,4.0809,4,3,9,4,512.654,7.61978875828839,6.42
COc1ccc(cn1)C(CC(=O)O)Cc2csc(CCCc3ccc4CCCNc4n3)n2,timbal,4.2761,6,2,10,4,452.58,8.9100948885606,8.27
C[C@@H]1NC(=O)[C@H](CSSC[C@H](NC(=O)C2(Cc3ccccc3C2)NC1=O)C(=O)O)NC(=O)[C@@H](N)Cc4ccc(O)cc4,timbal,-0.1303,7,7,5,4,615.734,4.44369749923271,6.74
OC(=O)[C@H](CNC(=O)c1c[nH]c2ccccc12)NC(=O)c3c(Cl)cc4CN(CCc4c3Cl)C(=O)c5ccc(Cl)cc5,timbal,4.9396,5,5,7,5,613.885,6.09151498112135,6.94
OC(=O)C(CNC(=O)CCC1CCc2cc3CCCNc3nc2C1)c4ccc5CCOc5c4,timbal,3.2443,5,3,7,5,449.551,9.14266750356873,8.34
CC(CNC(=O)C1CCC2(CC1)CCN(CC2)c3ccncc3)CC(=O)O,timbal,3.0854,4,2,6,3,373.497,6.47886191629596,6.65
NC(=N)NC(=N)Nc1ccc(Cl)cc1,timbal,1.16974,0,5,1,1,211.656,3.82798119057544,3.79
CC(C)[C@H]1NC(=O)[C@@H](Cc2ccccc2)NC(=O)[C@@H](CC(=O)O)NC(=O)CNC(=O)[C@H](CCCN=C(N)N)N(C)C1=O,timbal,-2.1754,7,8,9,2,588.666,5.2839966563652,6.05
OC(=O)CCNC(=O)CN1CC[C@H](CCc2ccc3CCCNc3n2)C1=O,timbal,0.8117,5,4,8,3,374.441,6.63827216398241,7.55
CNc1cccc(CCOc2ccc3c(CCC(=O)O)coc3c2)n1,timbal,3.5082,4,2,8,3,340.379,6.3767507096021,5.15
COc1cc(NS(=O)(=O)c2ccc(N\C=C/3\C(=NN(C3=O)c4ccc(I)cc4)C)cc2)nc(OC)n1,timbal,3.6177,7,2,8,4,620.429,4.27164621797877,4.82
NC(=N)NOCCOc1ccc2[nH]c(cc2c1)C(=O)NCC(NC(=O)c3ccccc3)C(=O)O,timbal,0.57437,6,7,11,3,468.47,6.50863830616573,7.28
CC(C)[C@H]1NC(=O)[C@@H](Cc2ccccc2)NC(=O)[C@@H](CC(=O)O)N(C)C(=O)CNC(=O)[C@H](CCCN=C(N)N)NC1=O,timbal,-2.1754,7,8,9,2,588.666,6.2518119729938,6.16
Cc1onc(C)c1S(=O)(=O)N[C@@H](CNC(=O)C2CCC3(CC2)CCN(CC3)c4ccncc4)C(=O)O,timbal,2.01114,7,3,8,4,519.624,9,7.78
Oc1cc(n[nH]1)[C@H](Cc2ccc(NC(=O)c3c(Cl)cncc3Cl)cc2)NC(=O)[C@@H]4CCCN4S(=O)(=O)c5cc(Cl)cc(Cl)c5,timbal,5.6295,7,5,9,5,698.416,6.52287874528034,6.18
OC(=O)C(CNC(=O)CCCCc1nc2NCCCc2cc1C3CC3)c4ccc5CCOc5c4,timbal,3.9494,5,3,10,5,463.578,9.53760200210104,8.74
NC(=N)NCCC[C@@H]1NC(=O)N(CC(=O)NCC(NC(=O)NCc2ccccc2)C(=O)O)C1=O,timbal,-1.76113,6,9,12,2,476.494,6.24412514432751,6.13
CN(C)C(=O)Oc1ccc(C[C@H](Nc2nc(nc3ccccc23)N(C)C4CCCCC4)C(=O)O)cc1,timbal,4.5669,6,3,8,4,491.592,8.09691001300806,7.75
COCc1ncc(s1)C(CC(=O)O)Cc2csc(CCCc3ccc4CCCNc4n3)n2,timbal,4.4754,6,2,11,4,472.636,8.92081875395238,7.45
OC(=O)CC(CCC1CCN(CC1)C(=O)CCCNc2ccccn2)c3ccc4OCOc4c3,timbal,4.2797,6,3,11,4,467.566,4.96329127843011,8.17
CN(Cc1nc2ccccc2[nH]1)C(=O)c3ccc4N[C@@H](CC(=O)O)C(=O)N(C)Cc4c3,timbal,2.0623,5,6,5,4,421.457,6.83863199776503,6.87
COc1cc(ccc1N2CCC(CC2)NC3=NCCCN3)C(=O)NC[C@H](NS(=O)(=O)c4ccccc4)C(=O)O,timbal,0.7644,6,5,10,4,558.661,9.72124639904717,7.15
COC1=C(C(=O)N(C)N=C1)c2ccc(C[C@H](NC(=O)c3cccn3C)C(=O)O)cc2,timbal,1.2201,6,2,7,3,410.43,7.09691001300806,7.47
OC(=O)[C@H](Cc1ccc(NC(=O)c2c(Cl)cncc2Cl)cc1)NC(=O)[C@@H]3C[C@H](CN3S(=O)(=O)c4cccc(c4)C#N)n5cnc6ccccc56,timbal,4.67848,8,3,10,6,732.606,10.0969100130081,7.74
COc1ccccc1c2ccc(C[C@H](NC(=O)[C@@]3(CC(=O)N4CCOCC4)CCCO3)C(=O)O)cc2,timbal,2.2722,7,3,9,4,496.56,7.63544900464603,8.52
CCOC(=O)C[C@H](NC(=O)CCC(=O)Nc1ccc(cc1)C(=N)N)C#C,timbal,0.76057,4,4,9,1,358.398,8.69897000433602,6.2
CCC\N=C(/N)\c1ccc(cc1)C(=O)Nc2ccc3CCC(CC(=O)O)Cc3c2,timbal,3.6338,3,3,7,3,393.487,9.88605664769316,7.98
NCCCC[C@H](NC(=O)[C@@H]1CCCN1C(=O)[C@H](CO)NC(=O)[C@H](CC(=O)O)NC(=O)CNC(=O)[C@H](CCCN=C(N)N)NC(=O)CN)C(=O)O,timbal,-6.2743,11,13,23,1,715.766,6.67778070526608,7.48
CN(C)C(=O)Oc1ccc(C[C@H](Nc2nc(ncc2c3ccccc3C)N4CCCCC4)C(=O)O)cc1,timbal,4.61052,6,3,8,4,503.603,7.49485002168009,7.86
OC(=O)CCNC1CCC2(CC1)CCN(CC2)c3ccncc3,timbal,2.6751,3,2,5,3,317.433,4.30102999566398,6.63
C[C@@]1(CCCO1)C(=O)N[C@@H](Cc2ccc(cc2)N3C=CC=CC3=O)C(=O)O,timbal,1.5185,5,2,6,3,370.405,7.88941028970075,7.33
Cc1onc(C)c1S(=O)(=O)N[C@@H](CNC(=O)N2CCC3(CC2)CCN(CC3)c4ccncc4)C(=O)O,timbal,1.51014,7,4,7,4,520.612,9,8.01
COc1ccc(CC(=O)N[C@H]2CSSC[C@H](NC(=O)[C@@H]3CCCN3C(=O)[C@H](CO)NC2=O)C(=O)O)cc1,timbal,-0.845,8,6,6,3,554.647,6.60205999132796,6.76
OC(=O)C(CNC(=O)CCCCc1ccc2CCCNc2n1)c3cnc4ccccc4c3,timbal,3.6853,5,3,9,4,432.524,9.08618614761628,8.71
C\C=C\[C@@H](CC(=O)O)NC(=O)C[C@@H](CC(C)C)NC(=O)Cc1ccc(NC(=O)Nc2ccccc2C)cc1,timbal,4.63812,5,5,13,2,522.646,3.98716277529483,7.41
CN(CC(=O)c1ccc(OCC(=O)O)c(OCC(=O)O)c1)C(=O)c2ccc(cc2)C(=N)N,timbal,0.85237,8,5,11,2,443.412,9.39794000867204,7.24
NC(=N)NC(=N)Nc1cc(cc(c1)C(F)(F)F)C(F)(F)F,timbal,2.55394,0,5,1,1,313.205,4.40340290437354,4
NC(=N)c1ccc2oc(cc2c1)C(=O)NCCCCCCCC(=O)O,timbal,2.87187,3,4,10,2,345.399,5.48148606012211,6.9
CCn1ccc2cccc(Sc3ccc(\C=C\C(=O)N4CCN(CC4)C(=O)C)cc3Cl)c12,timbal,5.1697,2,2,5,4,468.022,6.88605664769316,7.14
NC(=N)NCCC[C@@H]1NC(=O)[C@H](Cc2ccc(O)cc2)NC(=O)CS(=O)(=O)C[C@H](NC(=O)[C@H](CC(=O)O)NC(=O)CNC1=O)C(=O)O,timbal,-4.75893,12,11,9,2,684.685,8.67778070526608,7.57
OC(=O)C[C@H](NC(=O)CCCCc1ccc2CCCNc2n1)c3ccc4nc(O)oc4c3,timbal,3.3315,6,4,9,4,438.484,7.88272870434424,8.53
CCCCS(=O)(=O)NC(CNC(=O)CN1C(=O)N[C@@H](CCCN=C(N)N)C1=O)C(=O)O,timbal,-2.7507,7,7,14,1,463.517,6.45593195564972,6.81
OC(=O)CNC1CCC2(CC1)CCN(CC2)c3ccncc3,timbal,2.285,3,2,4,3,303.406,6.79588001734408,4.35
C[C@]1(CCCN1S(=O)(=O)c2cc(Cl)cc(Cl)c2)C(=O)N[C@@H](Cc3ccc(cc3)c4nc[nH]n4)C(=O)O,timbal,3.1338,7,5,8,4,552.44,6.02282532397981,7.15
OC(=O)[C@H](CNC(=O)[C@@H]1CCCN(C1)C(=O)CCC2CCNCC2)NC(=O)OCc3ccccc3,timbal,1.5006,6,5,10,3,488.585,9.76955107862173,8.48
CC(C)COC(=O)N[C@@H](CNC(=O)C1CCCn2c(\C=C\C3CCNCC3)nnc12)C(=O)O,timbal,1.1199,7,4,9,3,462.551,9.22184874961636,7.34
C[C@H](NC(=O)c1ccc(cc1)C(=N)NO)C(=O)N2CCC(CC2)OCC(=O)O,timbal,0.20127,6,6,7,2,392.412,6.22621355501881,7.69
COc1cccc(OC)c1c2ccc(C[C@H](NC(=O)[C@]3(CCCO3)C(=O)C(C)C)C(=O)O)cc2,timbal,3.257,7,2,10,3,469.534,9.17392519729917,7.21
CN(C)C(=O)Oc1ccc(C[C@H](Nc2ncnc3ccccc23)C(=O)O)cc1,timbal,2.798,6,3,6,3,380.404,6.72124639904717,7.53
CCc1cc(O)c2c(O)c3C(=O)c4c(O)cccc4C(=O)c3cc2c1C(=O)OC,timbal,3.081,7,3,2,4,392.363,4.30102999566398,5.91
Cc1ccccc1NC(=O)Nc2ccc(CC(=O)N3CC=CC3C(=O)NCCCCC(=O)O)cc2,timbal,3.31962,5,5,10,3,478.549,7.69897000433602,7.62
COc1cccc(OC)c1c2ccc(C[C@H](NC(=O)c3c(Cl)cccc3Cl)C(=O)O)cc2,timbal,5.1033,5,2,8,3,474.34,9.1249387366083,7.62
OC(=O)[C@H](CNC(=O)C1CCCn2c(CCC3CCNCC3)nnc12)NC(=O)OCc4ccccc4,timbal,1.5835,7,4,10,4,498.584,9.31875876262441,9.33
Cc1ccccc1NC(=O)Nc2ccc(CC(=O)N3CCCC3C(=O)NCC4CCC(CC4)C(=O)O)cc2,timbal,4.17972,5,5,8,4,520.63,6.91721462968355,7.01
Cc1c(cnn1c2nc(cs2)c3cccc(c3)C(F)(F)F)C(=O)NCCCO,timbal,3.43522,4,2,6,3,410.421,5.30102999566398,5.49
COc1cccc(OC)c1c2ccc(CC(NC(=O)C3CCCN3S(=O)(=O)c4ccccc4)C(=O)O)cc2,timbal,3.336,7,2,10,4,538.622,10.301029995664,7.44
OC(=O)[C@H](Cc1ccc(NC(=O)c2c(Cl)cncc2Cl)cc1)NC(=O)[C@@H]3C[C@H](CN3S(=O)(=O)c4cccc(c4)C#N)N(CC(F)(F)F)C5CCC5,timbal,4.87288,7,4,12,5,767.614,8.50863830616573,9.03
CCCN(C(=O)N[C@@H](Cc1ccc(cc1)C2=C(OC)C=NN(C)C2=O)C(=O)O)c3ccccc3,timbal,3.0778,6,2,9,3,464.522,6.45593195564972,7.21
COc1ccccc1c2ccc(C[C@H](NC(=O)C3CCOC3)C(=O)O)cc2,timbal,2.5106,5,2,7,3,369.417,7.44369749923271,8.21
OC(=O)[C@H](Cc1ccc(NC(=O)c2cccnc2Oc3ccccc3)cc1)NC(=O)C4(CCCC4)c5ccccc5,timbal,5.7501,6,3,10,5,549.627,5.61978875828839,6.28
C[C@]1(CCCN1S(=O)(=O)c2cc(Cl)cc(Cl)c2)C(=O)N[C@@H](Cc3ccc(cc3)c4cccnc4)C(=O)O,timbal,4.4107,6,2,8,4,562.475,6.50723961097316,7.07
CCN(CC)CCCNC(=O)c1cnn(c2nc(c(Br)s2)c3cccc(c3)C(F)(F)F)c1C(F)(F)F,timbal,6.2576,3,2,9,3,598.411,5.88605664769316,5.04
NC(=N)NCCC[C@@H]1NC(=O)N(CC(=O)NCC(NC(=O)c2ccc3ccccc3c2)C(=O)O)C1=O,timbal,-0.67733,6,8,11,3,497.512,6.69897000433602,6.72
OC(=O)[C@H](CCCCCCCc1ccc2CCCNc2n1)NS(=O)(=O)C3CCCCC3,timbal,4.0281,5,3,12,3,451.633,7.30277065724028,7.73
COc1ccccc1c2ccc(C[C@H](NC(=O)C3(CCCC3)c4cncc(Br)c4)C(=O)O)cc2,timbal,5.1436,5,2,8,4,523.427,6.78251605578609,7.53
CCCNC(=O)[C@H](CC(=O)O)NC(=O)[C@H]1CCCN1C(=O)CCCNC(=N)N,timbal,-1.27363,5,7,11,1,398.464,4.69897000433602,6.01
NC(=N)c1ccc(cc1)C(=O)N2CCC3(CCN(CC3)C(=O)CC(=O)O)CC2,timbal,1.29017,4,5,4,3,386.452,5.01322826573376,5.8
CCn1cc(CN(C)C)c2cccc(Sc3ccc(\C=C\C(=O)N4CCN(CC4)C(=O)C)cc3Cl)c12,timbal,5.2313,2,3,7,4,525.118,7,6.61
NC(=N)c1ccc(cc1)C(=O)N2CCC3(CCC(CC3)C(=O)NCC(=O)O)CC2,timbal,1.58407,4,5,5,3,400.479,5.01322826573376,6.1
C[C@@]1(CCCO1)C(=O)N[C@@H](Cc2ccc(NC(=O)c3c(Cl)cncc3Cl)cc2)C(=O)O,timbal,3.3217,6,3,7,3,466.321,9.69897000433602,7.53
CN(C)\C=N\CCCNC(=O)c1cnn(c2nc(cs2)c3cccc(c3)C(F)(F)F)c1C(F)(F)F,timbal,4.7432,3,2,8,3,518.487,4.80687540164554,5.17
OC(=O)C[C@@H](NC(=O)C1CCC2(CC1)CCN(CC2)c3ccncc3)c4ccccc4,timbal,4.1906,4,2,6,4,421.541,4.52287874528034,8.36
CCCCS(=O)(=O)N[C@@H](CCCCCCCc1ccc2CCCNc2n1)C(=O)O,timbal,3.4955,5,3,14,2,425.595,7.67162039656126,7.59
OC(=O)C[C@@H](NC(=O)[C@@H]1CCCN(C1)C(=O)CCC2CCNCC2)c3ccc(Cl)s3,timbal,3.0519,4,4,8,3,456.008,10,9.7
OC(=O)C[C@H](NC(=O)c1cccn2c(CCC3CCNCC3)nnc12)c4cccnc4,timbal,2.0023,6,3,8,4,422.489,8.3767507096021,8.31
CNC(=O)[C@H](Cc1ccc2ccccc2c1)N3CC(=O)N(Cc4ccc(cc4)c5cccnc5)[C@@H](CC(C)C)C3=O,timbal,4.8446,4,3,9,5,548.687,4.87614835903291,5.6
CCOC(=O)NC(=N)c1ccc(cc1)C(=O)N[C@@H](Cc2ccc(O)cc2)C(=O)N3CCC(CC3)OCC(=O)O,timbal,1.89697,8,6,10,3,540.573,7.04575749056068,6.87
COc1cnnc(O)c1c2ccc(C[C@H](NC(=O)c3c(Cl)cccc3Cl)C(=O)O)cc2,timbal,3.5903,7,3,7,3,462.289,7.38721614328026,7.5
OC(=O)[C@H](Cc1ccc(NC(=O)c2c(Cl)cncc2Cl)cc1)\N=C/3\C(\C(=C3O)O)=N\CC=C,timbal,2.6108,6,4,8,3,489.315,6.92081875395238,7.58
Cc1cccc(c1NC(=O)Nc2ccc(cc2)CC(=O)NCCCCCCCCCCCCN)C,timbal,6.46584,2,4,16,2,480.697,3.81987412483595,6.44
CN([C@@H](CNC(=O)C1=NOC(CCCCNc2ccccn2)C1)C(=O)O)S(=O)(=O)c3ccc(cc3)c4ccccc4,timbal,3.3658,7,3,14,4,579.679,6.88605664769316,7.35
COc1ccc(cn1)C(CC(=O)O)Cc2cc(OCCc3ccc4CCCNc4n3)n(C)n2,timbal,2.9993,7,2,10,4,451.527,6.7851561519523,8.3
Cn1cc(\C=C/2\C(=O)NC(=O)N(C2=O)c3cccc4ccccc34)c5ccccc15,timbal,3.9979,3,1,2,5,395.418,6.74472749489669,5.53
OC(=O)[C@H](Cc1cccnc1)NC(=O)[C@@H]2CCCN2S(=O)(=O)c3cc(Cl)cc(Cl)c3,timbal,2.3536,6,2,7,3,472.35,5.67778070526608,7.73
OC(=O)CC1CCc2ccc(NC(=O)c3ccc(cc3)C(=N)N4CCOCC4)cc2C1,timbal,3.17607,4,4,5,4,421.497,9.82390874094432,8.1
OC(=O)C(Cc1ccc(NC(=O)c2c(Cl)cncc2Cl)cc1)Nc3ncccc3[N+](=O)[O-],timbal,4.0517,5,3,8,3,476.276,7.30102999566398,7.49
CN(C)C(=O)Oc1ccc(C[C@H](Nc2ncncc2c3ccc[nH]3)C(=O)O)cc1,timbal,2.6399,6,4,7,3,395.419,7.1249387366083,7.44
Cc1ccccc1NC(=O)Nc2ccc(cc2)CC(=O)NN(CC(C)C)C(=O)NC(CC=C)CC(=O)[O-],timbal,2.96502,4,4,11,2,508.599,5.22914798835786,7.23
NC(=N)c1ccc(COc2ccc3CC(CC(=O)O)CCc3c2)cc1,timbal,3.12927,3,3,6,3,338.407,6.58502665202918,8.52
CN(C)CCN1c2ccccc2Sc3ccc(Cl)cc13,timbal,4.5043,0,1,3,3,304.846,4.55284196865778,6.08
C[C@@H](CC(=O)O)N1CC(=O)N(C)c2ccc(cc2C1=O)C#Cc3ccc(cc3)C(=N)N,timbal,1.65227,4,4,4,3,418.453,6.86012091359876,7.34
NC(=N)c1ccc(COc2ccc(cc2)C(=O)NCC(=O)O)cc1,timbal,1.36407,4,4,7,2,327.34,5.30102999566398,6.87
COc1ccc(C[C@H](NC(=O)[C@@H]2CSCN2C(=O)C)C(=O)O)cc1,timbal,0.7285,5,3,6,2,352.412,4.11594135290606,5.25
CNC(=O)[C@H](Cc1ccc2ccccc2c1)N3CCC(=O)N(Cc4ccc(O)c(OC)c4)[C@@H](CC(C)C)C3=O,timbal,3.8869,5,4,9,4,531.653,6.02227639471115,5.06
CC(C)c1cn(C[C@H](NC(=O)c2c(Cl)cc3CN(CCc3c2Cl)C(=O)c4ccc(Cl)cc4)C(=O)O)nn1,timbal,4.4434,6,3,7,4,564.857,6.50863830616573,7.16
OC(=O)[C@H](Cc1ccc(cc1)N2CCCC2=O)NC(=O)[C@@H]3CCC(=O)N3Cc4ccccc4,timbal,2.1165,5,3,8,4,449.507,7.79588001734408,6.95
CCCCS(=O)(=O)N[C@@H](CNC(=O)C1CCC2(CC1)CCN(CC2)c3ccncc3)C(=O)O,timbal,2.1473,6,3,10,3,480.631,8.52287874528034,8.69
CC1=CN(C[C@H](NC(=O)OCc2ccccc2)C(=O)O)C(=O)N=C1N3CCC(CNc4nc5ccccc5[nH]4)CC3,timbal,3.13612,7,5,10,5,559.627,5.69897000433602,7.21
CCOC(=O)CCNC(=O)N[C@H]1CCN(C1=O)c2ccc(cc2)C(=N)N,timbal,0.32837,4,4,7,2,361.402,7.16749108729376,7.12
CN(C)C(=O)Oc1ccc(C[C@H](Nc2ncncc2c3cccc(Cl)c3Cl)C(=O)O)cc1,timbal,4.6186,6,3,7,3,475.332,7.11350927482752,7.61
OC(=O)CC(CC1CCN(CC1)C(=O)CCc2ccc3CCCNc3n2)c4cccc(F)c4,timbal,4.3986,5,3,8,4,453.558,9,7.27
Cn1cc(\C=C/2\C(=O)NC(=O)N(C2=O)c3ccccc3)c4ccccc14,timbal,2.8447,3,1,2,4,345.358,5.38721614328026,6.13
NC(=N)c1cc(F)c(C(=O)Nc2ccc3C(=O)C(CC(=O)O)CCc3c2)c(F)c1,timbal,2.72097,6,4,5,3,401.369,8.30102999566398,8
Cc1onc(C)c1S(=O)(=O)N[C@@H](CCC(=O)N2CCC3(CC2)CCN(CC3)c4ccncc4)C(=O)O,timbal,2.10734,7,3,8,4,519.624,8.69897000433602,7.83
CCOC(=O)CC(=O)[C@H](Cc1ccc(NC(=O)c2c(Cl)cncc2Cl)cc1)NC(=O)[C@@H]3CCCN3S(=O)(=O)c4cc(Cl)cc(Cl)c4,timbal,5.3504,8,2,12,4,730.454,7.88605664769316,8.09
CC(C)OC(=O)COc1ccc(cc1OCC(=O)OC(C)C)C(=O)CN(C)C(=O)c2ccc(cc2)C(=N)N,timbal,2.58637,8,3,13,2,527.574,6.04575749056068,6.72
CC(C)c1ccccc1SC2CC=C(\C=C\C(=O)N3CCN(CC3)C(=O)C)C=C2[N+](=O)[O-],timbal,4.0083,2,2,6,3,455.58,7.35654732351381,6.4
CN(C)C(=O)Oc1ccc(C[C@H](Nc2ncncc2c3c(C)cc(C)cc3C)C(=O)O)cc1,timbal,4.23706,6,3,7,3,448.523,7,7.5
COc1cccc(OC)c1c2ccc(C[C@H](NC(=O)[C@]3(C)OC(C)CC3N)C(=O)O)cc2,timbal,2.3775,6,3,8,3,442.512,8.58502665202918,7.64
Cc1ccccc1NC(=O)Nc2ccc(CC(=O)N[C@@H](CCCCNC(=O)\C=C\c3cccnc3)C(=O)N[C@@H](CCCC(=O)O)C(=O)N[C@H](Cc4ccccc4)C(=O)N)cc2,timbal,4.01372,9,8,23,4,832.959,10.6575773191778,7.98
CN(C)C(=O)Oc1ccc(C[C@H](Nc2ncncc2c3cccs3)C(=O)O)cc1,timbal,3.3733,6,3,7,3,412.471,7.79588001734408,6.78
CC(=O)N1CSC[C@@H]1C(=O)N[C@@H](Cc2ccc(OC(=O)C34CC5CC(CC(C5)C3)C4)cc2)C(=O)O,timbal,2.8417,6,3,7,6,500.617,6.85387196432176,5.96
COc1cccc(OC)c1c2ccc(C[C@H](NC(=O)[C@@H]3CCCN3c4cncc5ccccc45)C(=O)O)cc2,timbal,4.6999,6,2,9,5,525.605,7.34678748622466,7.52
OC(=O)[C@H](Cc1ccc(NC(=O)c2c(Cl)cncc2Cl)cc1)\N=C/3\C(\C(=C3O)O)=N\c4ccccc4,timbal,3.7565,6,4,7,4,525.348,7.30102999566398,6.89
NC(=N)c1ccc(s1)C(=O)Nc2ccc3C(=O)C(CC(=O)O)CCc3c2,timbal,2.50427,4,4,5,3,371.418,6.67778070526608,7.49
OC(=O)CC(NC(=O)C1CCN(CC1)C(=O)CCCNC2=NCCN2)c3cnc4ccccc4c3,timbal,1.4344,5,5,9,4,480.569,7.1007268126824,8.16
COCCn1ccc2cc(Sc3ccc(\C=C\C(=O)N4CCN(CC4)C(=O)C)cc3Cl)ccc12,timbal,4.7962,3,2,7,4,498.048,7.22184874961636,6.7
CC(C)CCNC(=O)C(CCCC(=O)O)NC(=O)C1CCCN1C(=O)Cc2ccc(NC(=O)Nc3ccccc3C)cc2,timbal,4.07452,6,6,14,3,593.725,8.32790214206428,6.66
CN(C)Cc1c[nH]c2ccc(Sc3ccc(\C=C\C(=O)N4CCN(CC4)C(=O)C)cc3Cl)cc12,timbal,4.738,2,4,6,4,497.064,6.3767507096021,6.1
CN(C)C(=O)Oc1ccc(C[C@H](NC(=O)c2ccccc2)C(=O)O)cc1,timbal,2.1727,5,3,6,2,356.378,6.88605664769316,6.41
NC(=N)NCCC[C@@H]1NC(=O)CNC(=O)CS(=O)(=O)C[C@H](NC(=O)[C@H](CC(=O)O)NC(=O)CNC1=O)C(=O)O,timbal,-6.07583,11,10,7,1,578.561,7.74472749489669,8.11
NC(=N)c1ccc(cc1)N2CC3(CCN(CC3)C(=O)CC(CC(=O)O)c4ccccc4)CC2=O,timbal,2.96477,4,4,7,4,462.55,7.60205999132796,7.05
COc1cc(CC(=O)N2CCCC2CN3CCN(CC(=O)O)CC3)ccc1NC(=O)Nc4ccccc4C,timbal,2.88332,5,6,9,4,523.634,8.79588001734408,7.92
CC(C)(COC(=O)N1CCC2(CC1)CN(C(=O)C2)c3ccc(cc3)C(=N)N)C(=O)O,timbal,2.03697,5,4,5,3,416.478,4.82390874094432,7.51
COC1=C(C(=O)N(C)N=C1)c2ccc(C[C@@H](CO)NC(=O)c3c(Cl)cccc3Cl)cc2,timbal,3.0961,5,2,7,3,462.333,6.63827216398241,5.81
NC(=N)c1ccc(cc1)N2CCC3(CCN(CC3)C(=O)COCC(=O)O)C2=O,timbal,0.41737,5,4,6,3,388.424,7.76955107862173,6.13
OC(=O)C[C@H](NC(=O)C1CCCn2c(\C=C\C3CCNCC3)nnc12)c4cccnc4,timbal,1.8955,6,3,7,4,424.505,9.67778070526608,9.12
CCCCOC(=O)N[C@@H](CCC(=O)N1CCC2(CC1)CC(=O)N(C2=O)c3ccc(cc3)C(=N)N)C(=O)O,timbal,1.60247,7,5,10,3,515.567,6.56863623584101,7.52
OC(=O)CC(Cc1csc(CCCc2ccc3CCCNc3n2)n1)c4cnc(s4)C5CC5,timbal,5.2064,5,2,10,5,468.648,8.91364016932525,7.87
OC(=O)[C@H](Cc1ccc(NC(=O)c2c(Cl)cccc2Cl)cc1)NC(=O)[C@@H]3CCN3S(=O)(=O)c4cc(Cl)cc(Cl)c4,timbal,5.1276,6,3,9,4,645.348,7.65757731917779,8.28
COc1ccccc1c2ccc(C[C@H](NC(=O)C3(CCCC3)C4=CN(C)C(=O)C=C4)C(=O)O)cc2,timbal,3.6848,5,2,8,4,474.557,7.74472749489669,7.28
NC(=N)c1ccc(cc1)N2C(=O)NC3(CCN(CC3)C(=O)CCCC(=O)O)C2=O,timbal,0.64297,5,5,6,3,401.423,7.67778070526608,5.94
CN1C(=O)N(CC12CCN(CC2)C(=O)NCCC(=O)O)c3ccc(cc3)C(=N)N,timbal,0.86137,4,6,5,3,402.455,6.67366413907125,7.11
NC(=N)c1ccc(C(=O)Nc2ccc3C(=O)C(CC(=O)O)CCc3c2)c(F)c1,timbal,2.58187,5,4,5,3,383.379,8.52287874528034,7.99
Cc1onc(C)c1S(=O)(=O)N[C@@H](CCC(=O)N2CCC3(CC2)CCN(C3=O)c4ccc(cc4)C(=N)N)C(=O)O,timbal,1.13291,7,5,9,4,560.633,7.44369749923271,7.26
COC1=C(C(=O)N(C)N=C1)c2ccc(C[C@H](NC(=O)c3ccc(cc3Cl)S(=O)(=O)C)C(=O)O)cc2,timbal,1.9385,8,2,8,3,519.963,8.39794000867204,7.24
Cc1cc(C)c(c(C)c1)S(=O)(=O)N[C@@H](CNC(=O)C2=NOC(CCCc3cccc(N)n3)C2)C(=O)O,timbal,1.60456,7,4,11,3,517.608,7.58502665202918,7.73
OC1CNC(=CC1)Nc2cccc(c2)C(=O)N3CCC(CC3)C(=O)NC(CC(=O)O)c4cnc5ccccc5c4,timbal,3.0267,6,6,8,5,543.624,8.25963731050576,6.86
CN1N=CC(=C(C1=O)c2ccc(C[C@H](NC(=O)c3c(Cl)cccc3Cl)C(=O)O)cc2)c4cccc(OC(F)(F)F)c4,timbal,5.7454,6,2,8,4,606.384,7.60205999132796,6.74
CCN(CC)C1=C(N[C@@H](Cc2ccc(Oc3ncccn3)cc2)C(=O)O)C(=O)C1=O,timbal,1.8189,7,2,10,3,410.43,5.63827216398241,6.74
C[C@@H]1NC(=O)[C@H](CSSC[C@H](NC(=O)[C@@H]2CCCCN2C1=O)C(=O)O)NC(=O)[C@@H]3[C@@H](CCN3C(=O)C)c4ccc(O)cc4,timbal,0.4316,8,7,4,4,635.765,7,7.63
CN1N=CC(=C(C1=O)c2ccc(C[C@H](NC(=O)c3c(Cl)cccc3Cl)C(=O)O)cc2)OCCN4CCOCC4,timbal,2.8908,7,3,10,4,575.449,8.52287874528034,7.8
NC(=N)NCCCC(=O)N1CCC[C@@H]1C(=O)NCCC(=O)O,timbal,-1.16843,4,6,8,1,313.358,5.92081875395238,5.44
CC[C@H](C)[C@H](N)C(=O)N[C@@H](CC(C)C)C(=O)N[C@@H](CC(=O)O)C(=O)N[C@@H](C(C)C)C(=O)O,timbal,0.0756,7,6,14,0,458.556,3.75696195131371,5.47
OC(=O)[C@H](Cc1ccc(NC(=O)c2c(Cl)cncc2Cl)cc1)Nc3cc(Cc4ccccc4)ncn3,timbal,5.1293,6,3,9,4,522.392,5.95860731484177,7.2
CNc1cccc(CCOc2ccc3c(ccn3CCC(=O)O)c2)n1,timbal,3.1742,4,2,8,3,339.395,4.82390874094432,6.34
NC(=N)c1ccc(cc1)N2CCC3(CCN(CC3)C(=O)CC(CC(=O)O)c4ccccc4)C2=O,timbal,2.96477,4,4,7,4,462.55,7.04575749056068,7.59
CCCCCOc1ccc(C[C@H](NC(=O)[C@@H]2CSCN2C(=O)C)C(=O)O)cc1,timbal,2.2889,5,3,10,2,408.52,5.3767507096021,5.17
OC(=O)CC1CC1c2ccc(OCCCNc3ccccn3)cc2,timbal,3.5408,4,2,9,3,326.396,7.72124639904717,7.48
C[C@@]1(CCCO1)C(=O)N[C@@H](Cc2ccc(cc2)c3ccccc3C#N)C(=O)O,timbal,2.90628,4,2,6,3,378.428,7.95860731484177,7.62
CCCCOC(=O)N[C@@H](CCC(=O)N1CCC2(CC1)N(C)C(=O)N(C2=O)c3ccc(cc3)C(=N)N)C(=O)O,timbal,1.48997,7,6,10,3,530.582,7.69897000433602,7.09
NC(=N)c1ccc(cc1)N2CCC3(CCN(CC3)C(=O)NCCC(=O)O)C2=O,timbal,0.97387,4,5,5,3,387.44,8.39794000867204,6.45
NC(=N)c1ccc(cc1)N2CC3(CCN(CC3)C(=O)NCCC(=O)O)CC2=O,timbal,0.97387,4,5,5,3,387.44,6.45593195564972,8.37
OC(=O)[C@H](CNC(=O)C1CCC2(CC1)CCN(CC2)c3ccncc3)NC(=O)OCc4ccccc4,timbal,3.3542,6,3,8,4,494.592,8.69897000433602,8.34
CCCCOC(=O)N[C@@H](CCC(=O)N1CCC2(CC1)CCN(C2=O)c3ccc(cc3)C(=N)N)C(=O)O,timbal,2.07587,6,5,10,3,501.584,8.30102999566398,6.71
COC1=C(C(=O)N(C)N=C1)c2ccc(C[C@H](NC(=O)c3cc(F)ccc3Cl)C(=O)O)cc2,timbal,2.6741,7,2,7,3,459.861,5.92081875395238,7.29
CN1C(=O)N(C(=O)C12CCN(CC2)C(=O)NC(CC(=O)O)c3ccccc3)c4ccc(cc4)C(=N)N,timbal,2.12927,5,6,6,4,492.536,7.30102999566398,7.25
CN1C(=O)N(C(=O)C12CCN(CC2)C(=O)NC[C@H](NS(=O)(=O)c3ccc(C)cc3)C(=O)O)c4ccc(cc4)C(=N)N,timbal,0.65339,7,7,8,4,585.643,7.22914798835786,7.56
OC(=O)CC(NC(=O)C1CCN(CC1)C(=O)CCc2ccc3CCCNc3n2)c4cnc5ccccc5c4,timbal,3.4913,6,4,8,5,515.614,5.54515513999149,6.99
CN1C(=O)N(CC12CCN(CC2)C(=O)CCCC(=O)O)c3ccc(cc3)C(=N)N,timbal,1.45857,4,5,6,3,401.467,6.17134010346468,6.6
CC\N=C(/N)\c1ccc(cc1)N2CCC3(CCN(CC3)C(=O)CCCC(=O)O)C2=O,timbal,2.0122,4,3,7,3,414.506,5.12291674334935,7.29
NC(=N)c1ccc(cc1)N2C(=O)NC3(CCN(CC3)C(=O)NCCC(=O)O)C2=O,timbal,0.04577,5,6,5,3,402.411,6.32975414692588,5.73
CC(C)C[C@H](NC(=O)Cc1ccc(NC(=O)Nc2ccccc2C)cc1)C(=O)N[C@@H](CC(=O)O)c3ccc4OCOc4c3,timbal,4.77332,7,5,12,4,588.661,8.52287874528034,5.27
COc1ccc(C[C@H](NC(=O)[C@H](CC(=O)O)NC(=O)CNC(=O)[C@@H](N)CCCNC(=N)N)C(=O)N)cc1,timbal,-3.12593,7,9,16,1,522.563,4.56863623584101,6.75
NC(=N)c1ccc(cc1)N2CC3(CCN(CC3)C(=O)NCCC(=O)O)NC2=O,timbal,0.51917,4,6,5,3,388.428,5.42365864979421,6.84
CC(C)[C@H](NC(=O)[C@H](CC(=O)O)NC(=O)[C@H](CCCCNC(=O)CCCCCN)NC(=O)Cc1ccc(NC(=O)Nc2ccccc2C)cc1)C(=O)N3CCC[C@H]3C(=O)O,timbal,2.64782,10,10,24,3,836.988,7.69897000433602,6.29
Cc1ccc(cc1)S(=O)(=O)N[C@@H](CNC(=O)N2CCC3(CC2)CCN(C3=O)c4ccc(cc4)C(=N)N)C(=O)O,timbal,1.23929,6,6,8,4,556.645,7.18045606445813,7.26
CS(=O)(=O)c1ncc(C[C@H](NC(=O)c2c(Cl)cc3CN(CCc3c2Cl)C(=O)c4ccc5ccoc5c4)C(=O)O)[nH]1,timbal,3.4904,7,5,7,5,605.456,7.52287874528034,6.8
COc1cccc(OC)c1c2ccc(C[C@H](NC(=O)C)C(=O)O)cc2,timbal,2.5026,5,2,7,2,343.379,7.92081875395238,7.74
OC(=O)C[C@@H](NC(=O)[C@@H]1CCCN(C1)C(=O)CCC2CCNCC2)c3ncc(cc3Cl)C(F)(F)F,timbal,3.4042,5,4,8,3,518.964,7.17522353752445,9.51
N\C(=N/N1CCOCC1)\c2ccc(cc2)N3CCC4(CCN(CC4)C(=O)CCCC(=O)O)C3=O,timbal,1.2395,5,3,7,4,471.558,5.25963731050576,5.83
NC(=N)c1ccc(cc1)N2C(=O)CC3(CCN(CC3)C(=O)NCCC(=O)O)C2=O,timbal,0.50047,5,5,5,3,401.423,6.38721614328026,6.39
CC(C)C[C@H](NC(=O)Cc1ccc(NC(=O)Nc2c(C)cccc2C)cc1)C(=O)N[C@@H](CC(=O)O)C(=O)N[C@@H](C(C)C)C(=O)NCCc3ccccc3,timbal,4.48004,7,7,18,3,728.891,4.44009337496389,6.69
c1cc2c(cc1NC(=O)CCC(=O)NCCC(=O)O)CNC2,timbal,0.5994,4,4,7,2,305.334,8,6.28
CN1C(=O)N(CC12CCN(CC2)C(=O)CC(CC(=O)O)c3ccccc3)c4ccc(cc4)C(=N)N,timbal,2.85227,4,5,7,4,477.565,7.09691001300806,7.31
CN1C(=O)N(C(=O)C12CCN(CC2)C(=O)NCCC(=O)O)c3ccc(cc3)C(=N)N,timbal,0.38797,5,6,5,3,416.438,7.30102999566398,6.65
O=C1NC(=O)\C(=C\c2cc3ccccc3[nH]2)\C(=O)N1c4ccccc4,timbal,2.8343,3,2,2,4,331.331,5,6.05
CC(C)C[C@@H](CC(=O)N(CC(=O)O)Cc1ccccc1)NC(=O)Cc2ccc(NC(=O)Nc3ccccc3C)cc2,timbal,5.21592,5,5,13,3,558.679,3.60730304674033,5.86
NC(=N)c1ccc(cc1)N2CCC3(CCN(CCC(=O)O)CC3)CC2,timbal,2.12777,2,4,5,3,344.459,6.79588001734408,6.29
CN1C(=O)N(C(=O)\C(=C/c2c[nH]c3ccccc23)\C1=O)c4cccc5ccccc45,timbal,4.3297,3,2,2,5,395.418,5.25963731050576,6.58
CN1C(=O)N(C(=O)C12CCN(CC2)C(=O)CC[C@H](NS(=O)(=O)c3c(C)onc3C)C(=O)O)c4ccc(cc4)C(=N)N,timbal,0.54701,8,6,9,4,589.631,7.79588001734408,7.47
NC(=N)c1ccc(cc1)N2C(=O)CC3(CCN(CC3)C(=O)CCCC(=O)O)C2=O,timbal,1.09767,5,4,6,3,400.435,6.36653154442041,6.35
NC(=N)Nc1cccc(c1)C(=O)NNC(=O)NC(CC(=O)O)c2ccccc2,timbal,1.15197,4,7,6,2,384.396,8.58502665202918,6.57
CN1C(=O)N(C(=O)C12CCN(CCCCC(=O)O)CC2)c3ccc(cc3)C(=N)N,timbal,1.45857,4,5,7,3,401.467,5.18775530319963,6.9
CN1C(=O)N(C(=O)C12CCN(CC2)C(=O)CC(CC(=O)O)c3ccccc3)c4ccc(cc4)C(=N)N,timbal,2.37887,5,5,7,4,491.548,7.49485002168009,7.07
OC[C@@H]1NC(=O)[C@H](CSSC[C@H](NC(=O)[C@@H]2CCCN2C1=O)C(=O)O)NC(=O)C3CCNCC3,timbal,-2.0967,7,7,4,3,517.63,5.33724216831843,6.31
OC(=O)[C@H](CNC(=O)C1CCCn2c(\C=C\C3CCNCC3)nnc12)NC(=O)OCc4ccccc4,timbal,1.6641,7,4,9,4,496.568,9.49485002168009,9.1
OC(=O)CC(NC(=O)C1CCN(CC1)C(=O)c2cccc(NC3=CCCCN3)c2)c4ccc5OCOc5c4,timbal,3.2364,6,5,8,5,520.586,6.67985371388895,6.82
NC(=N)NC(=N)Nc1ccc(SC(F)(F)F)cc1,timbal,2.12824,0,5,2,1,277.275,3.99396204500268,3.83
OC(=O)CC(Cc1onc(OCCc2ccc3CCCNc3n2)c1)c4ccc5OCOc5c4,timbal,3.5789,7,2,9,5,451.479,9,8.4
CN(CC(C(=O)O)c1ccc2CCOc2c1)C(=O)CCCCc3ccc4CCCNc4n3,timbal,3.4142,5,3,9,4,437.54,9.13076828026902,9.04
CN1CCNc2nc(CCCc3noc(CC(CC(=O)O)c4ccc5OCOc5c4)n3)ccc12,timbal,3.0313,7,2,9,5,465.51,8.76955107862173,7.96
OC(=O)CC(Cc1cc(OCCc2ccc3CCCNc3n2)[nH]n1)c4ccc5OCOc5c4,timbal,3.314,7,4,9,5,450.495,8.92081875395238,7.76
Cn1nc(CC(CC(=O)O)c2cnc(s2)c3ccc(Cl)cc3)cc1OCCc4ccc5CCCNc5n4,timbal,5.3726,6,2,10,5,538.073,7.74472749489669,7.43
OC(=O)CC(Cc1csc(CCCc2ccc3CCCNc3n2)n1)c4ccc5OCOc5c4,timbal,4.6012,6,2,9,5,465.575,5.62160209905186,8.31
C[C@@H]1NC(=O)[C@H](CSSC[C@H](NC(=O)CNC1=O)C(=O)O)NC(=O)[C@H](Cc2ccc(O)cc2)NC(=O)C,timbal,-1.4905,8,7,6,2,555.635,4.65757731917779,6.46
COc1cccc(OC)c1c2ccc(CC(Nc3ccc(cn3)C(=O)N4CCCC4)C(=O)O)cc2,timbal,4.1096,6,3,9,4,475.545,7.63827216398241,8.34
COc1ccc(cn1)C(CC(=O)O)Cc2csc(CCCc3ccc4N(C)CCNc4n3)n2,timbal,3.7797,6,2,10,4,467.595,8.90657831483776,8.8
Cc1cccc(c1NC(=O)Nc2ccc(cc2)CC(=O)NC(CC(C)C)C(=O)NC(CC(=O)O)C(=O)NC(C(C)C)C(=O)NCCCCCCCCCCCCN)C,timbal,6.09704,7,8,27,2,808.078,5.58502665202918,5.12
COc1ccccc1c2ccc(C[C@H](NC(=O)N3CCCC3)C(=O)O)cc2,timbal,3.1633,4,3,6,3,368.433,7.76955107862173,7.67
OC(=O)[C@H](CCC(=O)N1CCN(CC1)c2cccc(NC3=NCCCN3)c2)NC(=O)OCc4ccc(cc4)C(=O)O,timbal,1.9544,7,6,10,4,566.615,8.20065945054642,7.12
OC(=O)[C@@H]1CC[C@H](CC1)OC[C@@H]2C[C@H](F)CN2C(=O)Cc3ccc(NC(=O)c4c[nH]c5ccccc45)c(Cl)c3,timbal,5.2151,6,4,8,5,556.034,8.4089353929735,7.43
CC(C)n1cc(C[C@H](NC(=O)c2c(Cl)cc3CN(CCc3c2Cl)C(=O)c4cc5ccccn5n4)C(=O)O)nn1,timbal,3.4377,7,3,7,5,570.437,6.58502665202918,7.65
C[C@@H]1NC(=O)[C@H](CSSC[C@H](NC(=O)[C@@H](NC1=O)c2ccccc2)C(=O)O)NC(=O)[C@H](Cc3ccc(O)cc3)NC(=O)C,timbal,0.2508,8,7,7,3,631.733,4.48148606012211,6.2
OC(=O)CCCc1onc(CCCc2ccc3CCCNc3n2)n1,timbal,2.4053,5,2,8,3,330.388,6.79588001734408,6.57
CCCN(C(=O)CC(=O)O)C1=C(C)CC(N(CCCCN)C1=O)c2ccccc2,timbal,2.6862,4,4,10,2,401.507,7.42021640338319,6.49
Cc1ccnc(NCCCCC(=O)NNC(=O)CC(CC(=O)O)c2cc(Cl)cc(Cl)c2)c1,timbal,4.07502,5,4,11,2,481.38,8.22184874961636,7.66
Cc1ccnc(NCCCC(=O)NCC(=O)NC(CC(=O)O)c2cccc(OC(F)(F)F)c2)c1,timbal,2.92912,6,4,12,2,482.459,7.4089353929735,8.4
CC(C)C1N(C)C(=O)[C@@H](Cc2ccccc2)NC(=O)C(CC(=O)O)NC(=O)NNC(=O)C(CCCN=C(N)N)NC1=O,timbal,-2.0774,7,9,9,2,589.654,5.55284196865778,7.94
Cc1ccnc(NCCCC(=O)NCC(=O)NC(CC(=O)O)c2ccc(cc2)c3cccc4ccccc34)c1,timbal,4.85072,5,4,12,4,524.621,5.37365963262496,6.92
Cc1ccnc(NCCCCC(=O)NCC(=O)NC(CC(=O)O)c2cc(Cl)cc(Cl)c2)c1,timbal,3.72742,5,4,12,2,481.38,7.27572413039921,8.11
OC(=O)C[C@@H](NC(=O)[C@@H]1CCCN(C1)C(=O)CCC2CCNCC2)c3cccs3,timbal,2.3985,4,4,8,3,421.563,10,9.75
OC(=O)[C@H](Cc1cccs1)NC(=O)[C@@H]2CCCN2S(=O)(=O)c3cc(Cl)cc(Cl)c3,timbal,3.0201,5,2,7,3,477.391,5.54515513999149,6.21
CNc1cccc(CCOc2ccc3C[C@@H](CC(=O)O)C(=O)N(CC(F)(F)F)Cc3c2)n1,timbal,3.2827,5,3,8,3,451.445,9.82390874094432,7.4
COc1cccc(OC)c1c2ccc(CC(Nc3ccccc3[N+](=O)[O-])C(=O)O)cc2,timbal,4.3868,4,2,9,3,422.437,5.44977164694491,5.29
COc1cccc(OC)c1c2ccc(C[C@H](NC(=O)[C@]3(CCCO3)c4ncc(C)s4)C(=O)O)cc2,timbal,3.95352,7,2,9,4,496.585,9.50863830616573,7.97
OC(=O)C(CNC(=O)CCCCc1ccc2CCCNc2n1)c3ccc4CCOc4c3,timbal,3.072,5,3,9,4,423.513,8.99567862621736,8.48
COc1cc(CC(=O)N[C@@H](CC(C)C)c2cc(CCC(=O)O)on2)ccc1NC(=O)Nc3ccccc3C,timbal,5.09892,6,4,12,3,522.602,7.98716277529483,6.59
OC(=O)CC1(CC1c2ccc(OCCc3ccc4CCCNc4n3)cc2)c5ccccc5,timbal,4.9612,4,2,8,5,428.532,5.56863623584101,7.06
COc1ncc(C(CC2CCN(CC2)C(=O)CCc3ccc4CCCNc4n3)CC(=O)O)c(OC)n1,timbal,3.0667,8,3,10,4,497.596,5.83268266525182,8.08
COc1ccccc1c2ccc(C[C@H](NC(=O)C3CCCS3(=O)=O)C(=O)O)cc2,timbal,2.0513,6,2,7,3,417.483,8.67778070526608,8.12
OC(=O)[C@H](CCCCCCCc1ccc2CCCNc2n1)NS(=O)(=O)CC3CCCCC3,timbal,4.2757,5,3,13,3,465.66,7.74232142513082,7.32
OC(=O)CC1CCc2cc(NC(=O)OCC3CCNCC3)ccc2C1=O,timbal,2.4545,5,3,5,3,360.41,6.48148606012211,6.56
C[C@@H](CC(=O)O)NC(=O)C1CCC2(CC1)CCN(CC2)c3ccncc3,timbal,2.8378,4,2,5,3,359.47,6.21041928783558,6.9
OC(=O)CC[C@H](NS(=O)(=O)c1ccc2ccccc2c1)C(=O)N[C@@H](Cc3ccccc3)C(=O)O,timbal,2.1636,7,4,11,3,484.53,6.74472749489669,6.86
CC(=O)N1CSC[C@H]1C(=O)N[C@@H](CSCCCNC(=O)C23CC4CC(CC(C4)C2)C3)C(=O)O,timbal,1.9331,5,4,10,5,497.683,5.09474395125155,4.93
CC(=O)N1CCN(CC1)C(=O)\C=C\c2ccc(Sc3ccc4OC(CO)COc4c3)c(Cl)c2,timbal,3.3272,5,3,5,4,488.993,7.69897000433602,7.11
COC(=O)[C@H]1[C@@H]2NC(=O)[C@H](CC(=O)O)NC(=O)CNC(=O)[C@H](CCCNC(=N)N)NC(=O)[C@@H](NC(=O)[C@H]12)C(C)C,timbal,-4.13163,9,9,8,2,568.588,5.82390874094432,7.74
Cc1ccc(cc1C)[C@@]2(CCCO2)C(=O)N[C@@H](Cc3ccc(cc3)c4ccccc4O)C(=O)O,timbal,4.49384,5,3,7,4,459.542,8.20901152491119,7
OC(=O)CC1CCc2cc(NCCCC3CCNCC3)ccc2C1=O,timbal,3.0981,3,3,7,3,344.455,6.21467016498923,6.67
OC(=O)CC(Cc1onc(OCCCNC2=NCCN2)c1)c3ccc4OCOc4c3,timbal,1.522,6,3,10,4,416.434,9.04575749056068,8.2
COc1cc(OC)cc(c1)C(CC(=O)O)Cc2csc(CCCc3ccc4CCCNc4n3)n2,timbal,4.8897,6,2,11,4,481.618,5.75870261289001,8.66
COc1cccc(OC)c1c2ccc(CC(Nc3ccc(cc3)[N+](=O)[O-])C(=O)O)cc2,timbal,4.3868,4,2,9,3,422.437,5.27984069659404,5.46
CCCS(=O)(=O)c1cc(NC(Cc2ccc(cc2)c3c(OC)cccc3OC)C(=O)O)ncn1,timbal,3.4523,8,2,11,3,485.562,9.4089353929735,8.11
CC(C)c1ccccc1Sc2ccc(C3CC3C(=O)N4CCCCC4C(=O)O)c(Cl)c2Cl,timbal,6.8372,3,2,6,4,492.468,5.82973828460504,7.14
OC(=O)CC1CCc2cc(NC(=O)COC3CCNCC3)ccc2C1=O,timbal,1.6135,5,3,6,3,360.41,5.92081875395238,6.62
COc1ccccc1c2ccc(C[C@H](NC(=O)N3CCCN3S(=O)(=O)c4cc(Cl)cc(Cl)c4)C(=O)O)cc2,timbal,4.6859,6,2,8,4,578.474,9.05551732784983,7.34
CC(C)C[C@H](NC(=O)Cc1ccc(NC(=O)Nc2ccccc2C)cc1)C(=O)N3CCCCC3C(C(=O)O)c4ccccc4,timbal,5.96192,5,5,11,4,598.744,5.3045183235098,6.08
CC1(CCCn2c(CCC3CCNCC3)nnc12)C(=O)NC[C@H](NC(=O)OCc4ccccc4)C(=O)O,timbal,1.7576,7,4,10,4,512.611,7.73754891026957,7.86
OC(=O)CCn1ccc2cc(OCCCNc3ccccn3)ccc12,timbal,3.392,4,2,9,3,339.395,6.32790214206428,5.42
OC(=O)C[C@H](NC(=O)[C@@H]1CCCN(C1)C(=O)CCC2CCN(CC2)C=N)c3cccnc3,timbal,2.05147,5,5,9,3,443.548,9.1249387366083,8.24
CC(C)C[C@@H](NC(=O)Cc1ccc(NC(=O)Nc2ccccc2C)cc1)C(=O)N(CCC(=O)O)CCc3ccccc3,timbal,5.25842,5,5,14,3,572.706,4.43179827593301,5.5
c1ccc(cc1)S(=O)(=O)NC(CNC(=O)c2ccc(s2)c3ccccc3NC(=N)N)C(=O)O,timbal,1.88197,5,6,9,3,487.563,9.60205999132796,7.83
OC(=O)C[C@H](NC(=O)C1CCCn2c(CCC3CCNCC3)nnc12)c4cccnc4,timbal,1.8149,6,3,8,4,426.521,9.27572413039921,9.55
COc1nc(N[C@@H](Cc2ccc(NC(=O)c3c(F)cccc3C(F)(F)F)cc2)C(=O)O)nc(OC)n1,timbal,3.4068,9,3,9,3,509.416,5.33724216831843,7.06
CC(=O)NC(Cc1ccc(NC(=O)Cc2ccc(NC(=O)Nc3ccccc3C)cc2)cc1)C(=O)O,timbal,3.95202,5,5,9,3,488.544,7.23657200643706,6.55
Cc1ccccc1NC(=O)Nc2ccc(CC(=O)\N=C(\NCCC(=O)O)/SC(=C)c3ccccc3)cc2,timbal,5.53252,4,4,9,3,516.623,4.69897000433602,7.22
NC(=N)c1ccc(C(=O)Nc2ccc3C(=O)C(CC(=O)O)CCc3c2)c(Cl)c1,timbal,3.09617,4,4,5,3,399.834,7.95860731484177,8.07
CCCCS(=O)(=O)N[C@@H](CCC(=O)N1CCC2(CC1)CCN(CC2)c3ccncc3)C(=O)O,timbal,2.2435,6,3,10,3,480.631,7.63827216398241,8.6
OC(=O)C1=Cc2ccc(NC(=O)c3c(Cl)cncc3Cl)cc2NC(=N1)c4cccnc4Cl,timbal,4.9869,5,3,4,4,488.718,7.25963731050576,6.53
OC(=O)CC1CCc2cc(NC(=O)CCC3CCNCC3)ccc2C1=O,timbal,2.6247,4,3,6,3,358.438,7.14874165128092,6.84
OC(=O)[C@H](CNC(=O)CCCCc1ccc2CCCNc2n1)NC(=O)OCc3ccccc3,timbal,2.6483,6,4,11,3,454.527,9.09691001300806,8.59
Cc1ccnc(NCCCCC(=O)NNC(=O)CC(CC(=O)O)c2ccc(cc2)c3ccccc3)c1,timbal,4.43522,5,4,12,3,488.588,7.27572413039921,7.21
CC(C)(C)OC(=O)N[C@H](CCCN=C(N)N)C(=O)N1CCCC(C1)C(=O)NCCC(=O)O,timbal,-0.2372,6,6,10,1,456.544,5.56863623584101,5.95
NC(=N)c1ccc(cn1)C(=O)Nc2ccc3C(=O)C(CC(=O)O)CCc3c2,timbal,1.83777,5,4,5,3,366.377,8.04575749056068,7.77
NC(=N)NCCCCC(=O)NNC(=O)NC(CC(=O)O)c1ccccc1,timbal,0.18617,4,7,9,1,364.406,7.58502665202918,6.93
CCOc1c(Sc2ccc(\C=C\C(=O)N3CCN(CC3)C(=O)C)cc2Cl)cc(Cl)c4cccnc14,timbal,5.7954,4,2,6,4,530.477,6.23657200643706,7.07
COCCCN(CC(=O)N[C@@H](CC(=O)O)\C=C\C)C(=O)Cc1ccc(NC(=O)Nc2ccccc2C)cc1,timbal,3.58222,6,5,14,2,524.618,8.11350927482752,7.26
OC(=O)[C@H](Cc1ccc(NC(=O)c2ccnc3ccccc23)cc1)NC(=O)C4(CCCC4)c5ccccc5,timbal,5.111,5,3,8,5,507.59,6.22914798835786,5.86
COc1cccc(OC)c1c2ccc(C[C@H](NC(=O)[C@@H]3CCCN3c4ccccc4C#N)C(=O)O)cc2,timbal,4.02338,5,2,9,4,499.567,8.45593195564972,7.68
CCCCOC(=O)N[C@@H](CNC(=O)C1CCC2(CC1)CCN(CC2)c3ccncc3)C(=O)O,timbal,2.9541,6,3,9,3,460.575,8.09691001300806,8.33
COc1ccccc1c2ccc(C[C@H](NC(=O)[C@@H]3CCCN3)C(=O)O)cc2,timbal,2.2261,4,3,7,3,368.433,7.95860731484177,8
Cc1ccccc1NC(=O)Nc2ccc(cc2)C(=O)N[C@H](CCCCNC(=O)\C=C\c3cccnc3)C(=O)N[C@H](CCCC(=O)O)C(=O)NC4(CCCCC4)C(=O)N,timbal,4.17642,9,8,20,4,796.926,10.4294570601181,7.84
OC(=O)[C@H](CCC(=O)N1CCC2(CC1)CCN(CC2)c3ccncc3)NC(=O)OCc4ccccc4,timbal,3.4504,6,3,8,4,494.592,8.15490195998574,7.97
Cc1ccc(cc1)S(=O)(=O)N[C@@H](CNC(=O)C2CCC3(CC2)CCN(CC3)c4ccncc4)C(=O)O,timbal,2.71472,6,3,8,4,514.648,9,8.77
CN(C)C(=O)Oc1ccc(C[C@H](Nc2ncncc2c3cccc(c3)[N+](=O)[O-])C(=O)O)cc1,timbal,3.22,6,3,8,3,451.439,6.74472749489669,7.65
Cc1cccc(C)c1NC(=O)Nc2ccc(CC(=O)Nc3ccc(OCC(=O)O)c(CCC(=O)NCCCCCCCCCCCCNC(=O)CCCC[C@@H]4SC[C@@H]5NC(=O)N[C@H]45)c3)cc2,timbal,8.38384,8,8,29,5,928.21,4.85078088734462,5.26
NC(=N)NCCCCCCCC(=O)N[C@@H](CC(=O)O)C(=O)NCCc1ccccc1,timbal,1.12847,4,6,15,1,419.526,4.52287874528034,5.99
O=C1NC(=O)\C(=C\c2c[nH]c3ccccc23)\C(=O)N1c4ccccc4c5ccccc5,timbal,4.5013,3,2,3,5,407.429,6.58502665202918,7.08
OC(=O)[C@H](Cc1ccc(NC(=O)c2nccc3ccccc23)cc1)NC(=O)C4(CCCC4)c5ccccc5,timbal,5.111,5,3,8,5,507.59,5.88605664769316,6.2
OC(=O)[C@H](Cc1ccc2[nH]c(nc2c1)c3c(Cl)cccc3Cl)NC(=O)[C@@H]4CCN4S(=O)(=O)c5cc(Cl)cc(Cl)c5,timbal,5.4186,6,4,8,5,642.348,9.26760624017703,7.77
Cc1ccccc1NC(=O)Nc2ccc(CC(=O)Nc3nc(CC(=O)O)cs3)cc2,timbal,3.90382,5,4,7,3,424.482,4.82390874094432,6.76
NC(=N)c1ccc2[nH]c(cc2c1)C(=O)NCCCCCCCC(=O)O,timbal,2.60697,3,5,10,2,344.415,5.00877392430751,6.21
OC(=O)[C@H](Cc1cscn1)NC(=O)[C@@H]2CCCN2S(=O)(=O)c3cc(Cl)cc(Cl)c3,timbal,2.4151,6,2,7,3,478.379,5.62893213772826,5.9
Cc1ccccc1NC(=O)Nc2ccc(CC(=O)N3CSCC3C(=O)NCCCCC(=O)O)cc2,timbal,3.45412,5,5,10,3,498.605,8,7.56
Cc1ccccc1NC(=O)Nc2ccc(CC(=O)N(CC(=O)NC(CC(=O)O)c3ccccc3)C4CCCCC4)cc2,timbal,5.67502,5,5,11,4,570.69,8.49485002168009,5.88
COc1ccccc1c2ccc(C[C@H](NC(=O)C3(CCCC3)S(=O)(=O)C(C)(C)C)C(=O)O)cc2,timbal,4.0002,6,2,8,3,487.618,7.72124639904717,7.47
COc1cc(Cl)c(\C=C\2/S\C(=N\c3cccc(c3)C(=O)O)\N(C)C2=O)cc1OC,timbal,4.2892,5,2,5,3,432.885,7.52287874528034,7.35
OC1CNC(=CC1)Nc2cccc(c2)C(=O)N3CCC(CCC(CC(=O)O)c4ccc5OCOc5c4)CC3,timbal,3.9137,6,5,9,5,521.614,5.8018930011266,7.69
NC(=N)c1ccc(COc2ccc3CN(CC(=O)O)CCc3c2)cc1,timbal,1.99237,3,4,6,3,339.395,7.52287874528034,6.8
OC(=O)c1ccccc1NC(=O)c2ccc(cc2)N3C(=O)c4ccc(Oc5ccc(cc5)[N+](=O)[O-])cc4C3=O,timbal,5.1382,6,2,7,5,523.457,3.74376346679408,5.67
NC(=N)NCCC[C@@H]1NC(=O)[C@@H]2CC[C@H]3CCC[C@@H](NC(=O)[C@H](CC(=O)O)NC(=O)CNC1=O)C(=O)N23,timbal,-3.14793,7,9,6,3,522.563,8.85387196432176,6.56
CC(CC(=O)O)Cc1ccc(OCCCNc2ccccn2)cc1,timbal,3.6159,4,2,10,2,328.412,7.48148606012211,7.13
CC1(C)[C@@H]2CC[C@@]1(CS(=O)(=O)N[C@@H](CNC(=O)c3ccc(CCc4ccc5CCCNc5n4)cc3)C(=O)O)C(=O)C2,timbal,2.7227,7,4,11,5,582.723,6.80410034759077,8.03
OC(=O)[C@H](CNC(=O)C1CCCn2c(\C=C\C3CCNCC3)nnc12)NC(=O)Cc4cccnc4,timbal,0.4916,7,4,9,4,481.557,8.86646109162978,8.4
