SMILES,database,MolLogP,Acceptor_Count,Donor_Count,NumRotatableBonds,RingCount,MolWt,Actual,pdCSM-PPI
CN(C)CC[C@H](CSc1ccccc1)Nc1ccc(cc1S(=O)(=O)C(F)(F)F)S(=O)(=O)Nc1ncnc2CN(CCc12)C1CCN(Cc2ccccc2-c2cccc(Cl)c2)CC1,ippidb,8.4385,6,5,16,7,928.569,Inhibitor,Inhibitor
CN(C)CC[C@H](CSc1ccccc1)Nc1ccc(cc1N(=O)=O)S(=O)(=O)NC(=O)c1ccc(cc1)N1CCN(Cc2ccc(cc2)S(C)(=O)=O)CC1,ippidb,4.9637,5,4,16,5,780.995,Inhibitor,Inhibitor
CCOc1cccc(c1)S(=O)(=O)Nc2ccc(cc2)N3CCN(CC3)c4cccc(c4)c5c(C(=O)NCCCN6CCN(C)CC6)c(C)n(C)c5c7ccc(Cl)cc7,timbal,7.21432,4,4,14,7,824.492,Inhibitor,Inhibitor
COC[C@@H]1Cc2ccccc2CN1C(=O)c1ccccc1-n1nc(cc1C)C(=O)N(c1ccccc1)c1ccccc1,ippidb,6.372719999999999,4,1,7,6,556.6659999999999,Inhibitor,Inhibitor
CCCCN(CCCC)C(=O)c1nn(c(C)c1Cl)c2ccc(cc2C(=O)N3CCc4ccccc4C3)C(=O)NS(=O)(=O)c5ccc6NCCc6c5,timbal,6.16172,6,4,12,6,731.319,Inhibitor,Inhibitor
CCN(C(=O)c1cc(C)n(n1)-c1ccccc1C(=O)N1CCc2ccccc2C1)c1ccccc1,ippidb,5.04592,3,1,5,5,464.569,Inhibitor,Inhibitor
Cc1c(C(=O)O)c(c2cccc(c2)N3CCN(CC3)c4ccc(NS(=O)(=O)c5ccc(N[C@H](CCN6CCC(O)CC6)CSc7ccccc7)c(c5)S(=O)(=O)C(F)(F)F)cc4)c(c8ccc(Cl)cc8)n1C,timbal,9.85962,7,5,17,8,1051.6760000000002,Inhibitor,Inhibitor
CCCCc1c(c(CO)nn1c2cccc(CO)c2)c3ccc(cc3C(=O)N4CCc5ccccc5C4)C(=O)NS(=O)(=O)c6ccc7ccccc7c6,timbal,6.3369,7,4,11,7,728.8710000000001,Inhibitor,Inhibitor
CN(C)CCC[C@](O)(c1ccccc1)c1ccc(OCCc2cccc(c2)-c2ccc(cc2)C(O)=O)cc1,ippidb,6.251,4,3,12,4,509.64599999999996,Inhibitor,Inhibitor
OC(=O)c1cccc(c1)-c1ccc(\C=c2/sc3=NC4=C(CCc5ccccc45)[C@@H](c4cccc(F)c4)n3c2=O)o1,ippidb,5.416,4,1,4,7,548.595,Inhibitor,Inhibitor
CC(C)(C)S(=O)(=O)c1cc(ccc1N[C@H](CCN1CCOCC1)CSc1ccccc1)S(=O)(=O)Nc1ncnc2CN(CCc12)C1CCN(CC2=C(CC(C)(C)CC2)c2ccc(Cl)cc2)CC1,ippidb,9.2845,7,5,16,8,990.803,Inhibitor,Inhibitor
COC1(CCN(CC1)c1ccc(cc1)C(=O)NS(=O)(=O)c1ccc(N[C@H](CCN(C)C)CSc2ccccc2)c(c1)N(=O)=O)c1ccc(cc1)-c1ccccc1,ippidb,8.0471,4,3,16,6,794.012,Inhibitor,Inhibitor
CN(C)CC[C@H](CSc1ccccc1)Nc1ccc(cc1N(=O)=O)S(=O)(=O)NC(=O)c1ccc(cc1)N1CCC(CC1)=Cc1ccc(cc1)C(F)(F)F,ippidb,7.9406,3,3,14,5,767.8960000000001,Inhibitor,Inhibitor
O=C(O)[C@H](Cc1ccccc1)N1C(=S)S\C(=C/c2ccc(OCOCCOCOc3ccc(cc3)\C=C3/SC(=S)N(C3=O)[C@H](C(=O)O)Cc3ccccc3)cc2)C1=O,ippidb,6.8868,10,4,19,6,857.0219999999999,Inhibitor,Inhibitor
CN(C)CC[C@H](CSc1ccccc1)Nc2ccc(cc2[N+](=O)[O-])S(=O)(=O)Nc3ccc(cc3)N4CCN(CC4)c5cccc(c5)c6c(C(=O)O)c(C)n(C7CC7)c6c8ccc(Cl)cc8,timbal,10.37712,4,4,18,8,934.585,Inhibitor,Inhibitor
OC(=O)c1ccc(cc1)-c1ccc(OCCc2cc(ccc2Cl)[C@@](O)(CCN2CCOCC2)c2ccc(Br)cc2)cc1,ippidb,7.0474,5,3,11,5,650.997,Inhibitor,Inhibitor
CCCCN(CCCC)C(=O)c1nn(c(C)c1Cl)-c1cccc(C)c1C(=O)N1Cc2ccccc2C[C@H]1CN,ippidb,5.71074,3,3,10,4,550.1469999999999,Inhibitor,Inhibitor
Cc1c(Cl)c(nn1-c1ccccc1C(=O)N1Cc2ccccc2C[C@H]1CN)C(=O)N(c1ccccc1)c1ccccc1,ippidb,6.338419999999999,3,2,6,6,576.1,Inhibitor,Inhibitor
CN(C)CCC[C@](O)(c1ccccc1)c1cccc(OCc2cccc(c2)-c2ccc(cc2)C(O)=O)c1,ippidb,6.2085,4,3,11,4,495.619,Inhibitor,Inhibitor
OC(=O)[C@H](Cc1ccccc1)N1C(=S)S\C(=C/c2ccc(Br)cc2)C1=O,ippidb,4.3462,3,2,5,3,448.36300000000006,Inhibitor,Inhibitor
CCCCN(CCCC)C(=O)c1nn(c(C)c1Cl)-c1ccc(NC(=O)c2ccccc2)cc1C(=O)N1CCc2ccccc2C1,ippidb,7.327319999999999,4,3,11,5,626.201,Inhibitor,Inhibitor
OC(=O)c1nc(sc1CCOc1ccccc1)N1CCc2cccc(C(=O)Nc3nc4ccccc4s3)c2C1,ippidb,5.8875,6,2,8,6,556.669,Inhibitor,Inhibitor
COc1ccccc1[C@@H]1C2=C(N=c3s\c(=C/c4cccc(OCC(O)=O)c4)c(=O)n13)c1ccccc1CC2,ippidb,3.7907,5,1,6,6,524.5980000000001,Inhibitor,Inhibitor
C[C@H]1C[C@H](CCN1CC1=C(CC(C)(C)CC1)c1ccc(Cl)cc1)N1CCc2c(C1)ncnc2NS(=O)(=O)c1ccc(N[C@H](CCN2CCOCC2)CSc2ccccc2)c(c1)S(=O)(=O)C(F)(F)F,ippidb,9.3943,7,5,16,8,1016.7189999999999,Inhibitor,Inhibitor
CN(C)CC[C@H](CSc1ccccc1)Nc1ccc(cc1N(=O)=O)S(=O)(=O)NC(=O)c1ccc(cc1)N1CCC(CC1)NC(=O)c1ccccc1-c1ccc(Cl)cc1,ippidb,7.9572,4,4,16,6,841.456,Inhibitor,Inhibitor
c1ccc(cc1)CCc2nc3cc(ccc3s2)c4ccc(cc4)C(=O)NS(=O)(=O)c5ccc(c(c5)[N+](=O)[O-])NCCSc6ccccc6,2p2idb,7.9796,4,2,13,6,694.86,Inhibitor,Inhibitor
CN(C)CC[C@H](CSc1ccccc1)Nc1ccc(cc1S(=O)(=O)C(F)(F)F)S(=O)(=O)Nc1ncnc2cc(ccc12)N1CCN(Cc2ccccc2-c2ccc(Cl)cc2)CC1,ippidb,8.8912,6,4,16,7,924.5369999999999,Inhibitor,Inhibitor
CCCCN(CCCC)c1nccc(n1)c2ccc(cc2C(=O)N3CCc4ccccc4C3)C(=O)NS(=O)(=O)c5ccc6ccc(I)cc6c5,timbal,7.6252,6,2,12,6,801.7510000000001,Inhibitor,Inhibitor
CCCCN(CCCC)C(=O)c1cc(C)n(n1)-c1ccc(OCC(O)=O)cc1C(=O)N1CCc2ccccc2C1,ippidb,4.88502,6,3,12,4,546.668,Inhibitor,Non-inhibitor
FC(F)(F)S(=O)(=O)c1cc(ccc1N[C@H](CCN1CCOCC1)CSc1ccccc1)S(=O)(=O)Nc1nnc2CCCN(CCn12)C1CCN(Cc2ccccc2-c2ccc(Cl)cc2)CC1,ippidb,7.9007,7,5,16,8,987.637,Inhibitor,Inhibitor
COc1ccc(cc1)-c1sc(nc1C(O)=O)-c1ccc2CCCN(C(=O)Nc3nc4ccccc4s3)c2c1,ippidb,6.7783,6,2,5,6,542.6419999999999,Inhibitor,Inhibitor
CCCCc1c(c2ccc(cc2C(=O)N3CCc4ccccc4C3)C(=O)NS(=O)(=O)c5ccc6ccccc6c5)c(nn1c7cccc(Oc8ccccc8)c7)C(=O)OCC,timbal,9.3213,8,2,13,8,832.9789999999999,Inhibitor,Inhibitor
C[C@H](N1CCC(CC1)N1CCc2c(C1)nc(nc2NS(=O)(=O)c1ccc(N[C@H](CCN(C)C)CSc2ccccc2Cl)c(c1)S(=O)(=O)C(F)(F)F)C(F)(F)F)c1ccccc1-c1ccc(Cl)cc1,ippidb,10.6717,6,5,16,7,1045.038,Inhibitor,Inhibitor
CCCCN(CCCC)C(=O)c1nn(c(C)c1Cl)c2ccc(cc2C(=O)N3Cc4ccccc4C[C@H]3CN5CCCC5)C(=O)NS(=O)(=O)c6ccc7ccccc7c6,timbal,7.811319999999999,6,4,14,7,823.46,Inhibitor,Inhibitor
CCCCC1(CCN(CC1)c1ccc(cc1)C(=O)NS(=O)(=O)c1ccc(N[C@H](CCN(C)C)CSc2ccccc2)c(c1)N(=O)=O)OC,ippidb,6.4136,4,3,17,4,697.924,Inhibitor,Inhibitor
c1ccc(cc1)N(c2ccc(cc2)O)C(=O)c3cc(n4c3CCCC4)c5cc6c(cc5C(=O)N7Cc8ccccc8C[C@H]7CN9CCOCC9)OCO6,2p2idb,6.8035,6,3,7,9,710.831,Inhibitor,Inhibitor
CN(C)CC#Cc1ccc(OCCCc2ccc(nc2C(O)=O)N2CCc3cccc(C(=O)Nc4nc5ccccc5s4)c3C2)c(F)c1,ippidb,6.2683,7,3,10,6,663.775,Inhibitor,Inhibitor
CC1(CCN(CC1)c2ccc(cc2)C(=O)NS(=O)(=O)c3ccc(c(c3)[N+](=O)[O-])NC(C)(C)CSc4ccccc4)C,2p2idb,6.3227,3,2,10,4,596.775,Inhibitor,Inhibitor
CCCCN(CCCC)C(=O)c1cc(C)n(n1)-c1cccc(C)c1C(=O)N1Cc2ccccc2C[C@H]1CN,ippidb,5.05734,3,3,10,4,515.702,Inhibitor,Inhibitor
Cc1cccc(c1C(=O)N2Cc3ccccc3C[C@@H]2CO)n4nc(cc4C)C(=O)N(c5ccccc5)c6ccccc6,timbal,6.02704,4,2,6,6,556.6659999999999,Inhibitor,Inhibitor
CC(C)CNC(=O)c1cccc2c3cnccc3c(Nc4ccccc4Cl)nc12,timbal,5.5658,3,2,5,4,404.901,Inhibitor,Inhibitor
CCOc1ccc2c(cc(cc2n1)c3cc4ccccc4nc3N5CCOCC5)C(C)C,timbal,5.8087,4,0,5,5,427.548,Inhibitor,Inhibitor
Oc1c(Cl)cc(Cl)cc1S(=O)(=O)N(Cc1ccc(F)cc1)Cc1ccc(cc1)C(=O)N(Cc1ccc(F)cc1)Cc1cc(Cl)cc(Cl)c1,ippidb,9.5177,6,2,11,5,750.4780000000001,Inhibitor,Inhibitor
CC1(C)CCC(=C(CN2CCN(CC2)c2ccc3c(NS(=O)(=O)c4ccc(N[C@H](CCN5CCOCC5)CSc5ccccc5)c(c4)S(=O)(=O)C(F)(F)F)ncnc3c2)C1)c1ccc(Cl)cc1,ippidb,9.4585,7,4,16,8,998.66,Inhibitor,Inhibitor
CN(C)CCC[C@](O)(c1ccccc1)c1ccc(OCCOc2ccc(cc2)-c2ccc(cc2)C(O)=O)cc1,ippidb,6.0873,5,3,13,4,525.645,Inhibitor,Inhibitor
FC(F)(F)S(=O)(=O)c1cc(ccc1N[C@H](CCN1CCOCC1)CSc1ccccc1)S(=O)(=O)Nc1ncnc2CN(Cc12)C1CCN(Cc2ccccc2-c2ccc(Cl)cc2)CC1,ippidb,8.1666,7,5,16,8,956.579,Inhibitor,Inhibitor
CCCCc1c(c(CO)nn1c2ccc(Oc3cccc(Cl)c3)cc2)c4ccc(cc4C(=O)N5CCc6ccccc6C5)C(=O)NS(=O)(=O)CC,timbal,7.0979,7,3,12,6,727.283,Inhibitor,Inhibitor
CN(C)CC[C@H](CSc1ccccc1)Nc1ccc(cc1N(=O)=O)S(=O)(=O)NC(=O)c1ccc(cc1)N1CCN(Cc2ccccc2C2CCCCC2)CC1,ippidb,7.6079,3,4,16,6,785.049,Inhibitor,Inhibitor
CCN(CC)C(=O)c1nn(c(C)c1Br)-c1ccccc1C(=O)N1Cc2ccccc2C[C@H]1CO,ippidb,3.9846199999999996,4,3,6,4,525.447,Inhibitor,Inhibitor
CCCCN(CCCC)C(=O)c1nn(c(C)c1Cl)c2ccc(cc2C(=O)N3Cc4ccccc4C[C@H]3COCCCOC)C(=O)NS(=O)(=O)c5ccc6ccccc6c5,timbal,7.768619999999999,8,3,18,6,842.459,Inhibitor,Inhibitor
OC(=O)COc1cccc(\C=C\2/SC3=NC4=C(CCc5ccccc45)C(N3C2=O)c6ccccc6)c1,timbal,3.7821,4,1,5,6,494.57199999999995,Inhibitor,Inhibitor
CN(C)CC[C@H](CSc1ccccc1)Nc1ccc(cc1N(=O)=O)S(=O)(=O)NC(=O)c1ccc(cc1)N1CCC(CC1)N(Cc1ccccc1)C(=O)c1ccccc1,ippidb,7.5494,4,4,17,6,821.038,Inhibitor,Inhibitor
COc1cccc(c1)[C@@H]1C2=C(N=c3s\c(=C/c4ccc(o4)-c4cc(ccc4C)C(O)=O)c(=O)n13)c1ccccc1CC2,ippidb,5.59392,4,1,5,7,574.658,Inhibitor,Inhibitor
CCCCc1c(c(CO)nn1c2ccccc2)c3ccc(cc3C(=O)N4CCc5ccccc5C4)C(=O)NS(=O)(=O)CC[Si](C)(C)C,timbal,5.9705,6,3,12,5,672.924,Inhibitor,Inhibitor
CN1CCN(CCCNC(=O)c2c(c3ccccc3)c(cn2CC[C@H](O)CO)c4ccc(Cl)cc4)CC1,timbal,3.5861,3,5,11,4,525.0930000000001,Inhibitor,Inhibitor
CC1(C)CCC(=C(CN2CCN(CC2)c2ccc(cc2)C(=O)NS(=O)(=O)c2ccc(N[C@H](CCN3CCOCC3)CSc3ccccc3)c(c2)S(=O)(=O)C(F)(F)F)C1)c1ccc(Cl)cc1,ippidb,8.8332,6,4,16,7,974.6339999999999,Inhibitor,Inhibitor
CC(C)c1cc(C(=O)N2CCc3ccccc3C2)c(O)c(O)c1O,ippidb,3.1253,4,4,2,3,327.38,Inhibitor,Inhibitor
CCCCN(CCCC)c1ncc(Cl)c(n1)c2ccc(cc2C(=O)N3CCc4ccccc4C3)C(=O)NS(=O)(=O)c5ccc6ccccc6c5,timbal,7.6739999999999995,6,2,12,6,710.3,Inhibitor,Inhibitor
CCCN(CCC)c1ncc(Cl)c(n1)c2ccc(cc2C(=O)N3Cc4ccccc4C[C@H]3CN)C(=O)NS(=O)(=O)c5ccc6cccc(Cl)c6c5,timbal,6.8745,6,3,11,6,745.7330000000001,Inhibitor,Inhibitor
CNC(=O)c1cccc2c3cnccc3c(Nc4c(F)cccc4F)nc12,timbal,4.1644,5,2,3,4,364.355,Inhibitor,Inhibitor
Oc1c(O)c(cc(C(=O)c2ccc(Oc3ccccc3)cc2)c1O)C(=O)c1nc2ccccc2s1,ippidb,5.6674,7,3,6,5,483.501,Inhibitor,Inhibitor
COc1ccc(cc1)[C@@H]1C2=C(N=c3s\c(=C/c4ccc(OCc5cccc(C(=O)O)c5)c(OC)c4)c(=O)n13)c1ccccc1CC2,ippidb,5.6131,6,1,8,7,630.722,Inhibitor,Inhibitor
Fc1ccccc1Nc2nc3c(cccc3c4cnccc24)c5nnc[nH]5,timbal,4.4508,5,4,3,5,356.36400000000003,Inhibitor,Inhibitor
Cc1cc(nn1-c1ccccc1C(=O)N1CCc2ccccc2C1)C(=O)N(C1CCCCC1)c1ccccc1,ippidb,6.35872,3,1,5,6,518.661,Inhibitor,Inhibitor
CCCCN(CCCC)C(=O)c1nn(c(C)c1Cl)-c1ccc(NS(=O)(=O)Cc2ccccc2)cc1C(=O)N1CCc2ccccc2C1,ippidb,7.01692,5,3,13,5,676.283,Inhibitor,Inhibitor
CCCCN(CCCC)C(=O)c1nn(c(C)c1Cl)-c1ccc(N)cc1C(=O)N1CCc2ccccc2C1,ippidb,5.65722,3,3,9,4,522.0930000000001,Inhibitor,Inhibitor
CCCCN(CCCC)C(=O)c1cc(C)n(n1)-c1ccccc1C(=O)N1CCc2ccccc2C1,ippidb,5.42162,3,2,9,4,472.63300000000004,Inhibitor,Inhibitor
CCOC(=O)[C@@H]1Cc2ccccc2CN1C(=O)c1ccccc1-n1nc(cc1C)C(=O)N(c1ccccc1)c1ccccc1,ippidb,6.28942,5,1,7,6,584.6759999999999,Inhibitor,Inhibitor
CN(C(=O)c1cc(C)n(n1)-c1ccccc1C(=O)N1CCc2ccccc2C1)c1ccccc1F,ippidb,4.794919999999999,4,1,4,5,468.532,Inhibitor,Inhibitor
Oc1c(O)c(cc(C(=O)c2cccc3ccccc23)c1O)C(=O)c1ccc(Oc2ccccc2)cc1,ippidb,6.2109,6,3,6,5,476.48400000000004,Inhibitor,Inhibitor
C[C@@H]1Cc2ccccc2CN1C(=O)c1ccccc1-n1nc(cc1C)C(=O)N(c1ccccc1)c1ccccc1,ippidb,6.74622,3,1,5,6,526.64,Inhibitor,Inhibitor
CCCCN(CCCC)C(=O)c1nn(c(C)c1Cl)c2ccc(cc2C(=O)N3CCc4ccccc4C3)C(=O)NS(=O)(=O)c5ccc6cccc(OCCN7CCOCC7)c6c5,timbal,7.057919999999999,8,4,16,7,869.485,Inhibitor,Inhibitor
CC(C)c1cc(C(=O)c2ccc(Oc3ccccc3)cc2)c(O)c(O)c1O,ippidb,4.9501,5,3,5,3,364.397,Inhibitor,Inhibitor
C[C@@](O)(c1ccc(Cl)cc1)c1ccc(Cl)c(CCOc2ccc(cc2)-c2ccc(cc2)C(O)=O)c1,ippidb,7.2359,4,2,8,4,507.413,Inhibitor,Inhibitor
COC1=CC(=N\C1=C\c1[nH]c(C)cc1C)c1cc2ccccc2[nH]1,ippidb,4.48694,1,2,3,4,317.392,Inhibitor,Non-inhibitor
CC(C)C(=O)c1cc(C(=O)c2ccc(Oc3ccccc3)cc2)c(O)c(O)c1O,ippidb,4.6654,6,3,6,3,392.407,Inhibitor,Inhibitor
OC[C@H]1[C@@H]2Cn3c(cccc3=O)[C@H]([C@@H]1C(=O)NCCCN1CCCC1)N2c1nc(c(s1)-c1ccccc1)-c1ccc(Cl)cc1,ippidb,5.0625,4,3,9,7,630.214,Inhibitor,Inhibitor
Cc1cc2c(C(=O)NCCc3ccccc3)c(O)c(O)cc2c(O)c1-c1c(C)cc2c(C(=O)NCCc3ccccc3)c(O)c(O)cc2c1O,ippidb,6.45544,8,8,9,6,672.7339999999999,Inhibitor,Inhibitor
CC(C)Cc1c(O)c(O)c(O)c2c1oc(C)c(-c1ccccc1)c2=O,ippidb,4.08372,4,3,3,3,340.375,Inhibitor,Inhibitor
Oc1c(Cl)cc(Cl)cc1S(=O)(=O)N(Cc1ccc(F)cc1)Cc1ccc(CN(Cc2ccc(F)cc2)S(=O)(=O)c2cc(Cl)cc(Cl)c2O)cc1,ippidb,8.7718,8,2,12,5,802.5319999999999,Inhibitor,Inhibitor
CN(C)CC[C@H](CSc1ccccc1)Nc1ccc(cc1N(=O)=O)S(=O)(=O)NC(=O)c1ccc(cc1)N1CCC2(CC(=NO2)c2ccccc2)CC1,ippidb,6.4016,4,3,14,6,742.924,Inhibitor,Inhibitor
Oc1c(Cl)cc(Cl)cc1S(=O)(=O)N(Cc1ccc(F)cc1)Cc1cccc(c1)-c1ccc(Cl)cc1,ippidb,7.5496,4,1,7,4,550.866,Inhibitor,Inhibitor
COCCNC(=O)[C@@H]1[C@@H](CO)[C@@H]2Cn3c(cccc3=O)[C@H]1N2c1nc(c(s1)-c1ccccc1)-c1ccc(Cl)cc1,ippidb,4.223,5,2,8,6,577.106,Inhibitor,Inhibitor
OC[C@@H]1[C@H]2Cn3c(cccc3=O)[C@H]2N(CC2CCCCC2)[C@H]1C(=O)N[C@@H]1CCN(Cc2ccccc2)C1,ippidb,2.7829,3,4,7,6,504.675,Inhibitor,Non-inhibitor
CC(C)CN(Cc1cc(Cl)cc(CN(CC(C)C)S(=O)(=O)c2cc(Cl)cc(Cl)c2O)c1)C(=O)c1ccc(SC(F)(F)F)cc1,ippidb,9.1096,4,2,12,3,712.0830000000001,Inhibitor,Inhibitor
OC[C@H]1[C@@H]2Cn3c(cccc3=O)[C@@H]2N(Cc2ccc(Cl)c(Cl)c2)[C@@H]1C(=O)N1CCC(Cc2ccccc2)CC1,ippidb,4.8002,3,3,6,6,566.529,Inhibitor,Non-inhibitor
CN1CCN(CC[C@H](CSc2ccccc2F)Nc2ccc(cc2S(=O)(=O)C(F)(F)F)S(=O)(=O)Nc2ncnc3CN(CCc23)C2CCN(Cc3ccccc3-c3ccc(Cl)cc3)CC2)CC1,ippidb,8.2634,7,6,16,8,1001.6389999999999,Inhibitor,Inhibitor
CN(C)CC[C@H](CSc1ccccc1)Nc1ccc(cc1N(=O)=O)S(=O)(=O)NC(=O)c1ccc(cc1)N1CCC(CC1)=Cc1cccnc1,ippidb,6.3168,4,3,14,5,700.887,Inhibitor,Inhibitor
CN(C)CC[C@H](CSc1ccccc1)Nc1ccc(cc1N(=O)=O)S(=O)(=O)NC(=O)c1ccc(cc1)N1CCN(Cc2ccccc2-c2cccnc2)CC1,ippidb,6.6222,4,4,16,6,779.9889999999999,Inhibitor,Inhibitor
COc1ccccc1C2N3C(=NC4=C2CCc5ccccc45)S\C(=C/c6oc(cc6)c7cccc(c7)C(=O)O)\C3=O,timbal,5.2855,4,1,5,7,560.631,Inhibitor,Inhibitor
CN(C)CC[C@H](CSc1ccccc1)Nc1ccc(cc1S(=O)(=O)C(F)(F)F)S(=O)(=O)Nc1nc(nc2CN(CCc12)C1CCN(CC2=C(CCC(C)(C)C2)c2ccc(Cl)cc2)CC1)C(F)(F)F,ippidb,10.254000000000001,6,5,16,7,1028.652,Inhibitor,Inhibitor
C[C@H](N1CCC(CC1)N1CCc2c(C1)ncnc2NS(=O)(=O)c1ccc(N[C@H](CCN(C)C)CSc2ccccc2Cl)c(c1)S(=O)(=O)C(F)(F)F)c1ccccc1-c1ccc(Cl)cc1,ippidb,9.6529,6,5,16,7,977.041,Inhibitor,Inhibitor
CN(C)CC[C@H](CSc1ccccc1)Nc1ccc(cc1S(=O)(=O)C(F)(F)F)S(=O)(=O)Nc1nc(nc2CN(CCc12)[C@H]1CCN(Cc2ccccc2-c2ccc(Cl)cc2)C[C@@H]1F)C(F)(F)F,ippidb,9.4053,7,5,16,7,1014.556,Inhibitor,Inhibitor
CCCCN(CCCC)C(=O)c1cc(C)n(n1)c2ccc(NC(=O)COc3ccccc3)cc2C(=O)N4CCc5ccccc5C4,timbal,6.43912,5,3,13,5,621.7819999999999,Inhibitor,Inhibitor
CCCCCS(=O)(=O)NC(=O)c1ccc(c(c1)C(=O)N2CCc3ccccc3C2)c4c(CO)nn(c4CCCC)c5ccc(Oc6cccc(Cl)c6)cc5,timbal,8.2682,7,3,15,6,769.3639999999999,Inhibitor,Inhibitor
CCOC(=O)COc1cccc(\C=C\2/SC3=NC4=C(CCc5ccccc45)C(N3C2=O)c6ccccc6OC)c1,timbal,4.2692,5,0,7,6,552.6519999999999,Inhibitor,Inhibitor
CCCCN(CCCC)C(=O)c1nn(c(C)c1Cl)c2ccc(cc2C(=O)N3CCc4ccccc4C3)C(=O)NS(=O)(=O)c5ccc6N(Cc7ccc(Cl)c(Cl)c7)CCc6c5,timbal,9.06322,6,3,14,7,890.334,Inhibitor,Inhibitor
C[C@H]1C[C@H](CCN1Cc1ccccc1-c1ccc(Cl)cc1)N1CCc2c(C1)ncnc2NS(=O)(=O)c1ccc(N[C@H](CCN(C)C)CSc2ccccc2)c(c1)N(=O)=O,ippidb,8.4417,4,5,16,7,855.5310000000001,Inhibitor,Inhibitor
CN(C)CC[C@H](CSc1ccccc1)Nc1ccc(cc1N(=O)=O)S(=O)(=O)Nc1nc(nc2CN(CCc12)C1CCN(Cc2ccccc2-c2ccc(Cl)cc2)CC1)C(F)(F)F,ippidb,9.072000000000001,4,5,16,7,909.5010000000001,Inhibitor,Inhibitor
CN(C)CC[C@H](CSc1ccccc1)Nc1ccc(cc1N(=O)=O)S(=O)(=O)NC(=O)c1ccc(cc1)N1CCN(CC1)C(c1ccc(F)cc1)c1ccc(F)cc1,ippidb,7.4278,5,4,16,6,814.9810000000001,Inhibitor,Inhibitor
FC(F)(F)c1nc2CN(CCc2c(NS(=O)(=O)c2ccc(N[C@H](CCN3CCOCC3)CSc3ccccc3)c(c2)S(=O)(=O)C(F)(F)F)n1)C1CCN(Cc2ccccc2-c2ccc(Cl)cc2)CC1,ippidb,9.2279,7,5,16,8,1038.603,Inhibitor,Inhibitor
CN(C)CC[C@H](CSc1ccccc1)Nc1ccc(cc1N(=O)=O)S(=O)(=O)NC(=O)c1ccc(cc1)N1CCN(CC1)S(=O)(=O)c1ccc(C)cc1,ippidb,5.05732,5,3,15,5,766.9680000000001,Inhibitor,Inhibitor
CN(C)CC[C@H](CSc1ccccc1)Nc1ccc(cc1S(=O)(=O)C(F)(F)F)S(=O)(=O)Nc1ncnc2cc(ccc12)N1CCN(CC2=C(CCC(C)(C)C2)c2ccc(Cl)cc2)CC1,ippidb,9.6879,6,4,16,7,956.623,Inhibitor,Inhibitor
Clc1ccc(cc1)-c1ccccc1CN1CCC(CC1)N1CCc2c(C1)ncnc2NS(=O)(=O)c1ccc(N[C@H](CCN2CCOCC2)CSc2ccccc2)c(c1)N(=O)=O,ippidb,7.8238,5,5,16,8,883.541,Inhibitor,Inhibitor
COC1(CCN(CC1)c1ccc(cc1)C(=O)NS(=O)(=O)c1ccc(N[C@H](CCN(C)C)CSc2ccccc2)c(c1)N(=O)=O)C1CCCCC1,ippidb,6.8037,4,3,15,5,723.962,Inhibitor,Inhibitor
CO[C@@]1(Cc2ccccc2Br)CC[C@@H](CC1)N1CCc2c(C1)ncnc2NS(=O)(=O)c1ccc(N[C@H](CCN(C)C)CSc2ccccc2)c(c1)S(=O)(=O)C(F)(F)F,ippidb,7.7865,7,4,16,6,925.96,Inhibitor,Inhibitor
FC(F)(F)S(=O)(=O)c1cc(ccc1N[C@H](CCN1CCOCC1)CSc1ccccc1)S(=O)(=O)Nc1ncnc2cc(ccc12)N1CCN(Cc2ccccc2-c2ccc(Cl)cc2)CC1,ippidb,8.6618,7,4,16,8,966.574,Inhibitor,Inhibitor
CN(C)CC[C@H](CSc1ccccc1)Nc1ccc(cc1N(=O)=O)S(=O)(=O)NC(=O)c1ccc(cc1)N1CCN(CC1)C(=O)Nc1ccccc1,ippidb,5.5921,4,5,14,5,731.9010000000001,Inhibitor,Inhibitor
C[C@H](N1CCC(CC1)N1CCc2c(C1)ncnc2NS(=O)(=O)c1ccc(N[C@H](CCN2CCN(C)CC2)CSc2ccccc2)c(c1)S(=O)(=O)C(F)(F)F)c1cc(F)ccc1-c1ccc(Cl)cc1,ippidb,8.8244,7,6,16,8,1015.666,Inhibitor,Inhibitor
CC(C)NC(=O)c1cccc2c3cnccc3c(Nc4ccccc4Cl)nc12,timbal,5.3182,3,2,4,4,390.874,Inhibitor,Inhibitor
CCCCc1c(c(CO)nn1c2ccccc2)c3ccc(cc3C(=O)N4Cc5ccccc5C[C@H]4CN)C(=O)NS(=O)(=O)c6ccc7ccccc7c6,timbal,6.1719,6,4,11,7,727.887,Inhibitor,Inhibitor
CCCCN(CCCC)c1nccc(n1)c2ccc(cc2C(=O)N3Cc4ccccc4C[C@H]3CO)C(=O)NS(=O)(=O)c5ccc6cccc(Cl)c6c5,timbal,7.0349,7,3,13,6,740.326,Inhibitor,Inhibitor
COc1ccccc1C2N3C(=NC4=C2CCc5ccccc45)S\C(=C/c6ccc(cc6)c7cccc(c7)C(=O)O)\C3=O,timbal,5.6925,4,1,5,7,570.67,Inhibitor,Inhibitor
OC(=O)COc1cccc(\C=C\2/SC3=NC4=C(CCc5ccccc45)C(N3C2=O)c6occc6)c1,timbal,3.3751,4,1,5,6,484.533,Inhibitor,Inhibitor
COc1ccccc1C2N3C(=NC4=C2CCc5ccccc45)S\C(=C/c6ccc(\C=C\C(=O)O)cc6)\C3=O,timbal,4.4251,4,1,5,6,520.61,Inhibitor,Inhibitor
CN(C)CC[C@H](CSc1ccccc1)Nc2ccc(cc2[N+](=O)[O-])S(=O)(=O)NC(=O)c3ccc(cc3)N4CCN(CC4)c5cccc(c5)c6c(C(=O)NCCCN7CCN(C)CC7)c(C)n(C)c6c8ccc(Cl)cc8,timbal,8.56622,4,6,21,8,1075.803,Inhibitor,Inhibitor
OC(=O)COc1cccc(\C=C\2/SC3=NC4=C(CCc5ccccc45)C(N3C2=O)c6cccc(F)c6)c1,timbal,3.9212,5,1,5,6,512.562,Inhibitor,Inhibitor
CCOC(=O)c1nn(c(C)c1c2ccc(cc2C(=O)N3CCc4ccccc4C3)C(=O)NS(=O)(=O)c5ccc6ccccc6c5)c7ccccc7,timbal,6.49482,7,2,8,7,698.801,Inhibitor,Inhibitor
CN(C)CC[C@H](CSc1ccccc1)Nc1ccc(cc1N(=O)=O)S(=O)(=O)Nc1ncnc2CN(CCc12)C1CCN(CC2=C(CCC(C)(C)C2)c2ccc(Cl)cc2)CC1,ippidb,8.8499,4,5,16,7,873.59,Inhibitor,Inhibitor
OC(=O)c1nc(sc1CCCOc1ccc(cc1)-c1cccnc1C#N)N1CCc2cccc(C(=O)Nc3nc4ccccc4s3)c2C1,ippidb,7.21128,7,2,10,7,672.7919999999999,Inhibitor,Inhibitor
FC(F)(F)S(=O)(=O)c1cc(ccc1NCCSc1ccccc1)S(=O)(=O)Nc1ncnc2CN(CCc12)C1CCN(Cc2ccccc2-c2ccc(Cl)cc2)CC1,ippidb,8.1182,6,4,13,7,857.446,Inhibitor,Inhibitor
CN(C)CCCc1ccc(OCCCc2ccc(nc2C(O)=O)N2CCc3cccc(C(=O)Nc4nc5ccccc5s4)c3C2)c(F)c1,ippidb,6.8494,7,3,13,6,667.807,Inhibitor,Inhibitor
CN(C)CC[C@H](CSc1ccccc1)Nc1ccc(cc1S(=O)(=O)C(F)(F)F)S(=O)(=O)Nc1nnc2CCCN(CCn12)C1CCN(Cc2ccccc2-c2ccc(Cl)cc2)CC1,ippidb,8.1301,6,5,16,7,945.6,Inhibitor,Inhibitor
CC#CCOc1ccccc1CN1CCC(CC1)N1CCc2c(C1)ncnc2NS(=O)(=O)c1ccc(N[C@H](CCN(C)C)CSc2ccccc2)c(c1)S(=O)(=O)C(F)(F)F,ippidb,6.5202,7,5,17,6,886.1010000000001,Inhibitor,Inhibitor
CN(C)CC[C@H](CSc1ccccc1)Nc1ccc(cc1S(=O)(=O)C(F)(F)F)S(=O)(=O)Nc1ncnc2CN(CCc12)C1CCC(CC1)=Cc1ccccc1,ippidb,7.4797,6,4,14,6,815.0219999999999,Inhibitor,Inhibitor
CN(C)CC[C@H](CSc1ccccc1)Nc1ccc(cc1N(=O)=O)S(=O)(=O)NC(=O)c1ccc(cc1)N1CCC(CC1)NC(=O)c1ccccc1Br,ippidb,6.3993,4,4,15,5,809.809,Inhibitor,Inhibitor
c1cc(ccc1c2ccc(cc2S(=O)(=O)F)C(=O)O)F,2p2idb,2.8491,5,1,3,2,298.26599999999996,Inhibitor,Inhibitor
c1ccc(cc1)SCCNc2ccc(cc2[N+](=O)[O-])S(=O)(=O)NC(=O)c3ccc(cc3)c4ccc(cc4)F,2p2idb,5.7238,4,2,10,4,551.621,Inhibitor,Inhibitor
c1cc2c(c(c1)O)CCCC2,2p2idb,2.271,1,1,0,2,148.205,Inhibitor,Non-inhibitor
c1cc(ccc1c2ccc(cc2)F)C(=O)O,2p2idb,3.1909,3,1,2,2,216.21099999999998,Inhibitor,Inhibitor
c1ccc2c(c1)nc(s2)NC(=O)c3cccc4c3CN(CC4)c5nc(c(s5)CCCOc6ccc(cc6)n7c8c(cncn8)cn7)C(=O)O,2p2idb,6.4065,9,2,10,8,688.795,Inhibitor,Inhibitor
CCCN(C(=O)c1cccc(c1)C#Cc2ccc(cc2F)F)C(=O)N[C@@H](CSCc3ccc(cc3)Br)C(=O)O,2p2idb,6.0755,6,3,9,3,615.496,Inhibitor,Inhibitor
CCCN(C(=O)c1cccc(c1)C#Cc2ccc(cc2F)F)C(=O)N[C@@H](CSCC(C)C)C(=O)O,2p2idb,4.7688,6,3,9,2,502.583,Inhibitor,Inhibitor
c1ccc2c(c1)nc(s2)N/N=C/3\CCCc4c3cc(cc4)c5nc(c(s5)CCCOc6ccc(cc6)CN)C(=O)O,2p2idb,6.7408,5,3,10,6,583.739,Inhibitor,Inhibitor
c1ccc(cc1)CCCCc2c(nc(s2)c3ccc4c(c3)/C(=N/Nc5nc6ccccc6s5)/CCC4)C(=O)O,2p2idb,7.8359,4,2,9,6,552.725,Inhibitor,Inhibitor
c1ccc2c(c1)nc(s2)N/N=C/3\CCCc4c3cc(cc4)c5cccc(n5)C(=O)O,2p2idb,5.209,4,2,4,5,414.49,Inhibitor,Inhibitor
C/C(=N\Nc1nc2ccccc2s1)/c3ccc(o3)c4cccc(c4)S(=O)(=O)NC(=O)CCCCCc5ccccc5,2p2idb,7.0004,4,2,12,5,586.739,Inhibitor,Inhibitor
Cc1cc(ccc1c2cccc3n2nc(c3CCCOc4cccc5c4cccc5)C(=O)O)C(=O)NS(=O)(=O)c6ccc(c(c6)[N+](=O)[O-])N[C@H](CCN(C)C)CSc7ccccc7,2p2idb,8.72412,7,4,19,7,887.053,Inhibitor,Inhibitor
CC(C)(CSc1ccccc1)Nc2ccc(cc2[N+](=O)[O-])S(=O)(=O)NC(=O)c3ccc(cc3)N4CCN(CC4)Cc5ccccc5c6ccccc6,2p2idb,7.6855,3,3,13,6,735.932,Inhibitor,Inhibitor
CN(C)CCOc1cccc(c1CN2CCN(CC2)c3ccc(c(c3)Oc4ccc5c(c4)cc[nH]5)C(=O)NS(=O)(=O)c6ccc(c(c6)[N+](=O)[O-])NCC7CCOCC7)c8ccc(cc8)Cl,2p2idb,8.4086,6,5,17,8,922.505,Inhibitor,Inhibitor
c1cc(ccc1C2=C(COCC2)CN3CCN(CC3)c4ccc(cc4)C(=O)NS(=O)(=O)c5ccc(c(c5)[N+](=O)[O-])NC6CCOCC6)Cl,2p2idb,4.9539,5,3,10,6,696.2260000000001,Inhibitor,Inhibitor
CN(C)CC[C@H](CSc1ccccc1)Nc2ccc(cc2[N+](=O)[O-])S(=O)(=O)NC3=NS(=O)(=O)c4c3ccc(c4)N5CCN(CC5)Cc6ccccc6c7ccc(cc7)Cl,2p2idb,7.1893,4,4,15,7,874.5110000000001,Inhibitor,Inhibitor
C[C@H]1C[C@H](C)[C@]23OC4=C(C)C(=O)C(=O)C(=C4[C@H]2OC5(CCN(C)CC5)O3)[C@@H]6O[C@H](CC[C@H](C)\C=C(/C)\C1)[C@H](C)[C@H](O)[C@H]6C,timbal,5.1017,7,2,0,6,597.793,Inhibitor,Inhibitor
Brc1cccc[n+]1c2ccc3cc(ccc3c2)[n+]4ccccc4Br,timbal,4.9182,0,0,2,4,442.154,Inhibitor,Inhibitor
Clc1cc(OCCN2CCOCC2)ccc1Nc3nc4c(cccc4c5cnccc35)c6nnc[nH]6,timbal,4.6761,6,5,7,6,501.978,Inhibitor,Inhibitor
Brc1ccc2c(c1)C(=O)c3ccc4c5ccc6C(=O)c7cc(Br)ccc7c8ccc(c9ccc2c3c49)c5c68,timbal,9.471,2,0,0,9,614.2919999999999,Inhibitor,Inhibitor
Cc1cc(nn1c2ccccc2C(=O)N3CCc4ccccc4C3)C(=O)Nc5ccccc5,timbal,4.63152,3,2,4,5,436.515,Inhibitor,Inhibitor
CCCOc1nc2ccccc2cc1c3cc(C(C)C)c4ccc(nc4c3)N5CCOCC5,timbal,6.1988,4,0,6,5,441.575,Inhibitor,Inhibitor
CCOC(=O)C(C#N)C1C(=C(N)Oc2ccc(Br)cc12)C(=O)OCC,timbal,2.36138,5,1,5,2,409.236,Inhibitor,Non-inhibitor
CC(C)C(C1C(=S)S\C(=C/c2ccc(Br)cc2)\C1=O)C(=O)O,timbal,4.4063,3,1,4,2,399.33099999999996,Inhibitor,Inhibitor
O=C1c2ccc(c3cccc(c4nc5ccccc5n14)c23)S(=O)(=O)c6ccc7C(=O)n8c(nc9ccccc89)c%10cccc6c7%10,timbal,6.33,6,0,2,10,602.631,Inhibitor,Non-inhibitor
Nc1nc(nc2c1[n+]([O-])c3ccccc3[n+]2[O-])c4ccccc4,timbal,1.2990000000000002,2,1,1,4,305.297,Inhibitor,Non-inhibitor
c1ccc2c(c1)c3ccc(c(c3[nH]2)N=Nc4ccc(cc4)C(=N)N)O,timbal,4.72617,1,4,3,4,329.36300000000006,Inhibitor,Inhibitor
CCCCN(CCCC)C(=O)c1nn(c(C)c1Cl)c2ccc(NCc3ccncc3)cc2C(=O)N4Cc5ccccc5C[C@H]4CN,timbal,6.40942,4,4,13,5,642.248,Inhibitor,Inhibitor
CC(C)c1cc(cc2nc(ccc12)N3CCCC3)c4cc5ccccc5nc4N6CCCC6,timbal,6.7738,2,0,4,6,436.603,Inhibitor,Inhibitor
CCOC(=O)CC1C(=C(N)Oc2ccc(cc12)c3cc(OC)cc(OC)c3)C(=O)OCC,timbal,3.5334,7,1,8,3,441.48,Inhibitor,Inhibitor
COc1cccc(Nc2nc3c(cccc3c4cnccc24)c5nnc[nH]5)c1Cl,timbal,4.9737,5,4,4,5,402.845,Inhibitor,Inhibitor
CNC(=O)c1cccc2c3cnccc3c(Nc4cccc(OC)c4Cl)nc12,timbal,4.5482,4,2,4,4,392.846,Inhibitor,Inhibitor
C[C@H]1C[C@H](C)[C@]23OC4=C(C)C(=O)C(=O)C(=C4[C@H]2OC(C)(C)O3)[C@@H]5O[C@H](CC[C@H](C)\C=C(/C)\C1)[C@H](C)[C@H](O)[C@H]5C,timbal,5.4159,7,1,0,5,542.7130000000001,Inhibitor,Inhibitor
COc1ccccc1C2C=C(N=C3S\C(=C/c4cccc(OCC(=O)O)c4)\C(=O)N23)c5ccccc5,timbal,3.4743,5,1,7,5,498.56,Inhibitor,Inhibitor
Oc1ccc(Nc2nc3c(cccc3c4cnccc24)c5nnc[nH]5)c(Cl)c1,timbal,4.6707,5,5,3,5,388.81800000000004,Inhibitor,Inhibitor
C[C@H]1C[C@H](C)C(=O)C(O)C2=C([C@@H]3O[C@H](CC[C@H](C)\C=C(/C)\C1)[C@H](C)[C@H](O)[C@H]3C)C(=O)C(=C(C)C2=O)O,timbal,4.0259,7,3,0,3,502.648,Inhibitor,Inhibitor
Clc1ccccc1Nc2nc3c(cccc3c4cnccc24)c5nnc[nH]5,timbal,4.9651,4,4,3,5,372.819,Inhibitor,Inhibitor
CCCCN(CCCC)C(=O)c1nn(c(C)c1Cl)c2ccc(NC(=O)COc3ccccc3)cc2C(=O)N4Cc5ccccc5C[C@H]4CN,timbal,6.41982,5,4,14,5,685.2689999999999,Inhibitor,Inhibitor
NC(=O)c1cccc2c3cnccc3c(Nc4c(F)cccc4F)nc12,timbal,3.9037,5,2,3,4,350.32800000000003,Inhibitor,Inhibitor
CCOC(=O)CC1C(=C(N)Oc2ccc(cc12)c3ccccc3)C(=O)OCC,timbal,3.5162,5,1,6,3,381.42800000000005,Inhibitor,Inhibitor
CCCCN(CCCC)c1nccc(n1)c2ccc(cc2C(=O)N3Cc4ccccc4C[C@H]3CN)C(=O)NS(=O)(=O)c5ccc6ccccc6c5,timbal,6.3479,6,3,13,6,704.8969999999999,Inhibitor,Inhibitor
CCCCN(CCCC)c1nccc(n1)c2ccc(cc2C(=O)N3CCc4ccccc4C3)C(=O)NS(=O)(=O)c5ccc6N(Cc7ccc(Cl)c(Cl)c7)CCc6c5,timbal,8.7369,6,2,14,7,825.863,Inhibitor,Inhibitor
CN1CCN(CCCNC(=O)c2c(C)n(C)c(c3ccc(Cl)cc3)c2c4ccccc4)CC1,timbal,4.688219999999999,1,3,7,4,465.041,Inhibitor,Inhibitor
Fc1cc(OCCN2CCCC2)ccc1Nc3nc4c(cccc4c5cnccc35)c6nnc[nH]6,timbal,4.9254,6,5,7,6,469.524,Inhibitor,Inhibitor
CN1CCN(CC1)c2ccc(Nc3nc4c(cccc4c5cnccc35)c6nnc[nH]6)c(Cl)c2,timbal,4.7169,4,5,4,6,470.968,Inhibitor,Inhibitor
C[C@H]1C[C@H](C)[C@]2(O)OC3=C(C)C(=O)C(=C([C@@H]4O[C@H](CC[C@H](C)\C=C(/C)\C1)[C@H](C)[C@H](O)[C@H]4C)C3=C2)O,timbal,5.1295,6,3,0,4,486.649,Inhibitor,Inhibitor
COc1ccc2c(CCc3cc(OC)ccc3[N+](=[N+]2[O-])[O-])c1,timbal,3.2384,2,0,2,3,300.314,Inhibitor,Non-inhibitor
Cc1cc(nn1c2ccccc2C(=O)N3CCc4ccccc4C3)C(=O)N5CCc6ccccc6C5,timbal,4.577719999999999,3,2,3,6,476.58,Inhibitor,Inhibitor
CCc1c(c2ccc(Cl)cc2)c(c3cccc(c3)N4CCN(CC4)c5ccc(NS(=O)(=O)c6ccc(N[C@H](CCN(C)C)CSc7ccccc7)c(c6)[N+](=O)[O-])cc5)c(C(=O)O)n1C,timbal,9.8332,4,4,18,7,922.574,Inhibitor,Inhibitor
CCCCN(CCCC)C(=O)c1nn(c(C)c1Cl)c2ccc(cc2C(=O)N3CCc4ccccc4C3)C(=O)NS(=O)(=O)c5ccc6cccc(OCc7ccc(cc7)C(=O)O)c6c5,timbal,8.62412,9,4,16,7,890.459,Inhibitor,Inhibitor
CCCCN(CCCC)C(=O)c1nn(c(C)c1Cl)c2ccc(NS(=O)(=O)c3cc(Cl)cc(Cl)c3O)cc2C(=O)N4CCc5ccccc5C4,timbal,7.88822,6,4,12,5,747.145,Inhibitor,Inhibitor
CC(C)c1cc(C(=O)c2ccccc2)c(O)c(O)c1O,timbal,3.1578,4,3,3,2,272.3,Inhibitor,Inhibitor
CCCCN(CCCC)C(=O)c1cc(C)n(n1)c2ccc(NC(=O)CSc3ccccc3)cc2C(=O)N4CCc5ccccc5C4,timbal,7.152419999999999,4,3,13,5,637.85,Inhibitor,Inhibitor
COc1ccc2c(c1)C(=O)C3C=C(C=CC3N2)[N+]#N,timbal,2.59498,2,1,1,3,254.269,Inhibitor,Non-inhibitor
CC1(C)CCC(CN2CCN(CC2)c2ccc(C(=O)NS(=O)(=O)c3ccc(NCC4CCOCC4)c(c3)[N+]([O-])=O)c(Oc3cnc4[nH]ccc4c3)c2)=C(C1)c1ccc(Cl)cc1,ippidb,8.6599,6,5,13,8,868.457,Inhibitor,Inhibitor
CC(C)NC(=O)c1cc(Cl)c(O)c(c1)S(=O)(=O)N(Cc1ccc(F)cc1)Cc1cccc(c1)-c1ccc(Cl)cc1,ippidb,7.0344,5,2,9,4,601.5269999999999,Inhibitor,Inhibitor
OC(=O)[C@H](Cc1c[nH]c2ccccc12)N1C(=S)S\C(=C/c2ccc(Br)cc2)C1=O,ippidb,4.8275,3,3,5,4,487.4,Inhibitor,Inhibitor
Cc1cc2c(C(=O)NC3Cc4ccccc4C3)c(O)c(O)cc2c(O)c1-c1c(C)cc2c(C(=O)NC3Cc4ccccc4C3)c(O)c(O)cc2c1O,ippidb,6.30484,8,8,5,8,696.7560000000001,Inhibitor,Inhibitor
CS(=O)(=O)c1ccc(CN(Cc2cccc(CNS(=O)(=O)c3cc(Cl)cc(Cl)c3O)c2)S(=O)(=O)c2cc(Cl)cc(Cl)c2O)cc1,ippidb,5.9845,8,3,11,4,754.5189999999999,Inhibitor,Inhibitor
CN(C)c1cccc(OCCOc2ccc(nc2C(O)=O)-c2ccc3CCCN(C(=O)Nc4nc5ccccc5s4)c3c2)c1,ippidb,6.565,7,2,9,6,609.7080000000001,Inhibitor,Inhibitor
OC(=O)c1nc(sc1Oc1ccccc1)-c1ccc2CCCN(C(=O)Nc3nc4ccccc4s3)c2c1,ippidb,6.895,6,2,5,6,528.615,Inhibitor,Inhibitor
CC(C)c1cc(C(=O)N2CCc3ccc(cc3C2)S(=O)(=O)NCCc2ccccc2)c(O)c(O)c1O,ippidb,3.6463,6,5,7,4,510.61199999999997,Inhibitor,Inhibitor
CN(C)CCOc1ccc(CN(Cc2cccc(CNS(=O)(=O)c3cc(Cl)cc(Cl)c3O)c2)S(=O)(=O)c2cc(Cl)cc(Cl)c2O)cc1,ippidb,6.5214,7,4,14,4,763.549,Inhibitor,Inhibitor
CC(C)CN(Cc1cc(Cl)cc(CN(CC(C)C)S(=O)(=O)c2cc(Cl)cc(Cl)c2O)c1)S(=O)(=O)c1cccnc1,ippidb,6.4412,6,1,12,3,649.062,Inhibitor,Inhibitor
CC(C)C[C@@H](C(O)=O)N1C(=S)S\C(=C/c2ccc(Br)cc2)C1=O,ippidb,4.1496,3,2,5,2,414.346,Inhibitor,Inhibitor
Cc1cc2c(CCc3ccccc3)c(O)c(O)cc2c(O)c1-c1c(C)cc2c(CCc3ccccc3)c(O)c(O)cc2c1O,ippidb,8.08084,6,6,7,6,586.684,Inhibitor,Inhibitor
OC(=O)c1nc(sc1-c1ccc(cc1)C(O)=O)-c1ccc2OCCN(C(=O)Nc3nc4ccccc4s3)c2c1,ippidb,5.9141,8,3,5,6,558.597,Inhibitor,Inhibitor
CC(C)c1ccccc1Cc1cc(C(=O)Nc2ccc(cc2)S(=O)(=O)c2ccccc2C(C)(C)C)c(O)c(O)c1O,ippidb,6.9002,6,4,7,4,573.711,Inhibitor,Inhibitor
Cc1cc(O)cc(C)c1C[C@H](N)C(=O)N1Cc2ccccc2C[C@H]1C(=O)N[C@H](CCCCNC(=O)OCc1ccccc1)c1nc2ccccc2[nH]1,CHEMBL3143819,5.66284,6,7,13,6,702.8560000000001,Non-inhibitor,Non-inhibitor
CCOC(=O)C1=C(C)NC(COC(=O)c2ccccc2)=C(C(=O)OCC)C1c1cccc([N+](=O)[O-])c1,CHEMBL1099060,3.7929,6,1,9,3,494.5,Non-inhibitor,Non-inhibitor
CC[C@H](NC(=O)c1c(C)c(-c2ccccc2)nc2ccccc12)c1ccccc1,CHEMBL10284,6.09132,2,1,5,4,380.491,Non-inhibitor,Non-inhibitor
O=C(CN1C(=O)C2C3C=CC(C3)C2C1=O)OCC(=O)c1ccc(Cl)c([N+](=O)[O-])c1,CHEMBL1449757,1.7812,5,1,6,4,418.789,Non-inhibitor,Non-inhibitor
CN(Cc1cc2nc(-c3cnc(N)nc3)nc(N3CCOCC3)c2s1)S(C)(=O)=O,CHEMBL1090598,0.9585,7,1,5,4,435.535,Non-inhibitor,Non-inhibitor
C#CCN(Cc1ccc2cccc(O)c2n1)C(C#N)CCC1CCN(Cc2ccccc2)CC1,CHEMBL3910142,4.96018,2,3,9,4,452.602,Non-inhibitor,Non-inhibitor
COc1ccc2nc(NC(=O)Nc3ccccc3N3CC4(CCN(CC(C)(C)C)CC4)c4c(F)ccc(O)c43)sc2n1,CHEMBL3892050,6.72,6,4,5,6,590.725,Non-inhibitor,Inhibitor
CN[C@@H](C)C(=O)N[C@H](C(=O)N[C@H]1CCCN(S(=O)(=O)Cc2ccccc2)C1)C(C)(C)C,CHEMBL1950847,1.2358,4,3,8,2,452.621,Non-inhibitor,Non-inhibitor
Cc1ccc(NC(=O)c2ccc(NS(=O)(=O)c3ccc(Cl)nc3)cc2)cc1Nc1nccc(-c2cccnc2)n1,CHEMBL3642832,5.69212,7,3,8,5,572.05,Non-inhibitor,Inhibitor
Cc1c(-c2ccc(C(N)=O)c3[nH]c4ccccc4c23)cccc1-n1cnc2ccccc2c1=O,CHEMBL4243299,5.094519999999999,3,2,3,6,444.494,Non-inhibitor,Non-inhibitor
CC(C)Oc1ccc2[nH]nc(-c3ccnc(N4CCN(C)CC4)c3)c2c1,CHEMBL4093185,3.1639,3,3,4,4,351.454,Non-inhibitor,Non-inhibitor
O=C(Nc1ccccc1)Nc1ncccc1O,CHEMBL383535,2.4312,3,3,2,2,229.239,Non-inhibitor,Non-inhibitor
Brc1ccccc1-n1cc(CSc2nc3ccccc3o2)nn1,CHEMBL3264698,4.4633,3,0,4,4,387.26199999999994,Non-inhibitor,Non-inhibitor
Cc1n[nH]c(C(=O)O)c1CCc1cccc(-c2ccc(F)cc2)c1,CHEMBL2172181,4.007619999999999,4,3,5,3,324.355,Non-inhibitor,Non-inhibitor
COc1ccc(NC(=O)Nc2nc3nn(C(C)(C)C)cc3c3nc(-c4ccco4)nn23)cc1,CHEMBL357663,4.1416,6,2,4,5,446.471,Non-inhibitor,Non-inhibitor
C/C(=C/C=C/C(C)=C/C(=O)O)c1cc(C(C)C)cc(C(C)C)c1OCC(F)(F)F,CHEMBL423503,6.8649,3,1,8,1,410.476,Non-inhibitor,Non-inhibitor
CN(c1cccnc1)c1cncc(NC(=O)c2cccc(Br)c2)c1,CHEMBL3655652,4.2593,3,1,4,3,383.249,Non-inhibitor,Non-inhibitor
CSc1cc(Oc2ccnc3ncc(=O)[nH]c23)ccc1NC(=O)Nc1cc(C(F)(F)F)ccc1F,CHEMBL1214252,5.6342,6,3,5,4,505.45300000000003,Non-inhibitor,Non-inhibitor
COc1ccc(OC2CCN(c3nc4cnncc4nc3NC3CC3)CC2)c(F)c1.O=C(O)C(F)(F)F,CHEMBL3717381,3.8229,9,2,6,5,524.475,Non-inhibitor,Non-inhibitor
COc1cc(Nc2ncc3cc(C(=O)O)n(-c4ccccn4)c3n2)cc(OC)c1OC,CHEMBL209189,3.2831,8,2,7,4,421.413,Non-inhibitor,Non-inhibitor
CC(=O)Nc1ccc2c(c1)CC(C(=O)N(C)[C@H](CN1CC[C@H](O)C1)c1ccccc1)O2,CHEMBL382497,2.2148,4,4,6,4,423.51300000000003,Non-inhibitor,Non-inhibitor
CC(C)(C)c1ccc(-c2ccc(F)cc2)n1CC[C@@H]1C[C@@H](O)CC(=O)O1,CHEMBL319870,4.0483,4,1,4,3,359.441,Non-inhibitor,Non-inhibitor
COc1cc(OC)c(C(=O)CCCN2CCCC2)c(OC)c1,CHEMBL188921,2.7711,4,1,8,2,307.39,Non-inhibitor,Non-inhibitor
NC(=O)COc1c(-c2ccccc2)c(O)nc2cc(Cl)ccc12,CHEMBL163646,3.1249,4,2,4,3,328.755,Non-inhibitor,Non-inhibitor
N#Cc1ccc2c(c1)c(Oc1c(Cl)cccc1Cl)nn2-c1ccc(C(=O)O)cc1,CHEMBL3977144,5.69448,4,1,4,4,424.24300000000005,Non-inhibitor,Non-inhibitor
Cc1nn(C2CCCCC2)c2sc(C(=O)NCC(C)(C)CN3C(=O)CNC3=O)cc12,CHEMBL3650311,3.21922,4,3,6,4,431.56199999999995,Non-inhibitor,Non-inhibitor
O=S(=O)(NCCCN1CCC(O)(c2ccc(Cl)cc2)CC1)c1cc(Cl)cc(Cl)c1,CHEMBL257698,4.2988,3,3,7,3,477.841,Non-inhibitor,Non-inhibitor
CCCCc1nc2c(N)nc3ccc(NC(=O)CCCCCCCCCCC(=O)Nc4ccc5nc(N)c6nc(CCCC)n(Cc7ccc(CN)cc7)c6c5c4)cc3c2n1Cc1ccc(CN)cc1,CHEMBL2018902,10.8242,6,6,25,8,943.258,Non-inhibitor,Non-inhibitor
COc1ccc(-c2nc([C@@H](C)Sc3nc(N)cc(N)n3)c(C)s2)cc1OCCNS(C)(=O)=O,CHEMBL3358097,2.86282,7,3,10,3,510.667,Non-inhibitor,Non-inhibitor
CCOc1cc(/C=C2\SC(c3ccc(C)cc3)=NC2=O)cc(Cl)c1O,CHEMBL1765894,4.81382,3,1,4,3,373.861,Non-inhibitor,Non-inhibitor
COc1cc(OC)nc(Cc2cccc(Cl)c2C(=O)O)n1,CHEMBL2289315,2.4362,6,1,5,2,308.721,Non-inhibitor,Non-inhibitor
Cl.OC[C@@H]1CNCCO[C@@H]1c1ccc(Cl)c(Cl)c1,CHEMBL3593393,2.6846,2,2,2,2,312.624,Non-inhibitor,Non-inhibitor
CCc1nc(Oc2ccc(C(=O)O)cc2)ccc1CN1CCC(N2C(=O)N(C3CCOCC3)C[C@H]2c2ccccc2)CC1,CHEMBL2435856,5.7568,6,4,9,6,584.717,Non-inhibitor,Non-inhibitor
Cc1cc(Nc2ncc(Br)c(N[C@@H](C)C(C)(C)O)n2)ccc1S(C)(=N)=O,CHEMBL3648125,3.8978900000000003,4,4,6,2,442.38300000000004,Non-inhibitor,Non-inhibitor
O=C(NC1CCCCCC1)C1CCN(C(=O)c2ccc([N+](=O)[O-])cc2)CC1,CHEMBL1933671,3.286,2,2,4,3,373.45300000000003,Non-inhibitor,Non-inhibitor
Cc1ccc(NC(=O)c2cccc(S(=O)(=O)N3CCc4ccccc4C3)c2)c(C(=O)O)c1,CHEMBL485087,3.6925199999999996,5,2,5,4,450.51599999999996,Non-inhibitor,Non-inhibitor
CCOC(=O)/C(=C/C1=C/C(=C/N(C)C)C(=O)O1)C(C)=O,CHEMBL1408792,0.9511,5,1,5,1,279.29200000000003,Non-inhibitor,Non-inhibitor
CCC(=O)OCC(=O)[C@@]1(OC(=O)CC)[C@@H](C)C[C@H]2[C@@H]3CCC4=CC(=O)C=C[C@]4(C)[C@@]3(F)[C@@H](O)C[C@@]21C,CHEMBL1200384,3.8175,8,1,6,4,504.595,Non-inhibitor,Non-inhibitor
O=C(CSc1nnc(-c2ccccc2)o1)Nn1cnnc1,CHEMBL1375164,1.1905,5,1,5,3,302.319,Non-inhibitor,Non-inhibitor
COc1cc(N2CCC(CCS(C)(=O)=O)CC2)c(C)cc1Nc1nccc(-c2c(-c3ccc(OC(C)C)c(C(=O)Nc4c(F)cccc4F)c3)nc3ccccn23)n1,CHEMBL3953421,8.48772,10,2,13,7,809.94,Non-inhibitor,Non-inhibitor
CCC(C)N1C(=O)C2(N=C1N)c1cc(C#CC3CC3)ccc1CC21CCC(OC)CC1,CHEMBL3942750,3.7303,2,2,3,5,419.569,Non-inhibitor,Non-inhibitor
O=C(O)c1csc(-n2nc(-c3cccc(OC(F)(F)F)c3)cc2O)n1,CHEMBL4092553,3.2982,6,2,4,3,371.296,Non-inhibitor,Non-inhibitor
NCC1CC1(C(=O)NC1CC1)c1ccccc1,CHEMBL450623,1.1816,1,2,4,3,230.31099999999998,Non-inhibitor,Non-inhibitor
Cc1cc(F)ccc1OCc1cc(C(N)=O)cc(N2CCOCC2)n1,CHEMBL472085,2.04362,5,1,5,3,345.374,Non-inhibitor,Non-inhibitor
CC(C)[C@@H]1[C@H](OC(=O)N[C@@H](Cc2ccccc2)[C@H](O)CN2CCN(C(C)C)C[C@H]2C(=O)NC(C)(C)C)CCS1(=O)=O,CHEMBL88755,2.2058,6,5,10,3,594.819,Non-inhibitor,Non-inhibitor
COc1cccc2c1ncc1c(=O)n(-c3cccc(Cl)c3)c(=O)n(C3CCCCC3)c12,CHEMBL3948031,4.8678,4,0,3,5,435.911,Non-inhibitor,Non-inhibitor
COc1cc2c(N3CCN(C(=O)Nc4ccc(OC(C)C)cc4)CC3)ncnc2cc1OCCCN1CCCCC1,CHEMBL124660,5.0345,6,3,10,5,562.715,Non-inhibitor,Non-inhibitor
CC(C)NC(=O)[C@H]1CC[C@@H](n2/c(=N/C(=O)c3ccc(F)cc3)[nH]c3ccc(CN4CCC(C(C)(C)O)C4)cc32)CC1,CHEMBL2172310,4.6983,4,5,7,5,563.7180000000001,Non-inhibitor,Non-inhibitor
CCN1C(C)(C)CC(Oc2ccc(C(=O)Nc3ccc(NC(=O)Nc4cc(C(C)(C)C)on4)cc3)nc2)CC1(C)C,CHEMBL2206278,6.6837,5,4,7,4,562.715,Non-inhibitor,Non-inhibitor
CCN(CC)CCCC(C)Nc1nc(NCc2ccc(Cl)cc2Cl)nc2ncn(CC)c12,CHEMBL232641,5.6875,3,3,12,3,478.472,Non-inhibitor,Non-inhibitor
Cl.NCCc1ccc(OCc2ccccc2)c(OCc2ccccc2)c1,CHEMBL1433859,4.7676,2,1,8,3,369.892,Non-inhibitor,Non-inhibitor
Oc1ccc(-c2cnc3c(O)nc(O)nc3n2)cc1,CHEMBL1775079,1.2036,7,3,1,3,256.221,Non-inhibitor,Non-inhibitor
COc1cc(-c2cc(OC)c(-n3c(=O)ccc4cc(S(=O)(=O)Nc5ncccn5)ccc43)cc2C)ccc1F,CHEMBL3928815,4.71322,8,1,7,5,546.58,Non-inhibitor,Non-inhibitor
COC(=O)[C@@H](c1ccc(Cl)c(Cl)c1)[C@H]1CCCCO1,CHEMBL37918,3.8191,3,0,3,2,303.185,Non-inhibitor,Non-inhibitor
COc1cc2c(cc1OC)S(=O)(=O)N(C)C(C(=O)N[C@H](C=O)Cc1ccccc1)C2,CHEMBL332683,1.1754,6,1,7,3,432.49800000000005,Non-inhibitor,Non-inhibitor
C=CC(=O)Nc1ccccc1Oc1nc(Nc2ccc(N3CCN(C)CC3)cc2OC)ncc1Cl,CHEMBL4210237,4.5508,5,3,8,4,494.983,Non-inhibitor,Non-inhibitor
O=S(=O)(Nc1ccncc1Nc1ccccc1Cl)C(F)(F)F,CHEMBL1075636,3.7401,3,2,4,2,351.73699999999997,Non-inhibitor,Non-inhibitor
NC(=O)[C@H](Cc1ccccc1)NC(=O)[C@@H](Cc1cc(-c2ccccc2)no1)CP(=O)(O)[C@@H](N)CCc1ccccc1,CHEMBL4096656,3.9011,5,4,14,4,574.618,Non-inhibitor,Non-inhibitor
O=C1NC(=O)C(c2cc(Cl)ccc2S(=O)(=O)NCCCCc2ccccc2)N1,CHEMBL19392,2.5217,4,3,8,3,421.906,Non-inhibitor,Non-inhibitor
COc1ccc([C@H](NC(=O)c2cc(F)c3cnc(N[C@H]4CC[C@@H](O)CC4)nc3c2)c2cnn(C)c2)cc1F,CHEMBL3914384,3.8849,8,3,7,5,522.556,Non-inhibitor,Non-inhibitor
CSCC[C@H](NC(=O)[C@H](CC(C)C)NC(=O)[C@H](Cc1cnc[nH]1)NC(=O)CNC(=O)[C@@H](NC(=O)[C@H](C)NC(=O)[C@H](Cc1c[nH]c2ccccc12)NC(=O)[C@H](CCC(N)=O)NC(=O)[C@H](CCCNC(=N)N)NC(=O)[C@H](CCCCNC(=O)CNC(=O)CN1CCN(CC(=O)O)CCN(CC(=O)O)CCN(CC(=O)O)CC1)NC(=O)COCCOCCOCC(=O)N[C@H]1CC[C@]2(C)[C@H]3C[C@H](O)[C@@]4(C)[C@@H](CC[C@@H]4[C@H](C)CCC(=O)O)[C@@H]3CC[C@]2(C)C1)C(C)C)C(N)=O,CHEMBL3980591,-2.42183,28,30,67,8,2259.749,Non-inhibitor,Non-inhibitor
Cn1ncc(-c2ccccc2)c1N,CHEMBL4170040,1.6693,1,1,1,2,173.21900000000002,Non-inhibitor,Non-inhibitor
C[C@@H]1OC(=O)[C@@H]1NC(=O)OC1CCCCC1,CHEMBL3353548,1.3592,4,1,2,2,227.26,Non-inhibitor,Non-inhibitor
O=C(N[C@H]1CC[C@H](CNc2nnnn2-c2ccccc2)CC1)c1cc(C(F)(F)F)ccc1Cl,CHEMBL3652095,4.7352,4,2,6,4,478.906,Non-inhibitor,Non-inhibitor
CC(O)(c1cncc(-c2cnc3c(c2)CCCN3C(N)=O)c1)C(F)(F)F,CHEMBL3911753,2.7447,4,2,2,3,366.343,Non-inhibitor,Non-inhibitor
CCCCCCCC/C=C\CCCCCCCC(=O)N[C@H](Cc1ccc(O)cc1)C(=O)CI,CHEMBL203949,7.4611,3,2,20,1,569.568,Non-inhibitor,Non-inhibitor
O=C(O)N1CCN(c2ccc(N3CCN(C4CCOCC4)CC3)cn2)c2ccccc21,CHEMBL3674737,3.0187,4,2,3,5,423.517,Non-inhibitor,Non-inhibitor
NC(Cc1cc(I)c(Oc2ccc(O)c(CO)c2)c(I)c1)C(=O)O,CHEMBL150927,2.8404,5,4,6,2,555.106,Non-inhibitor,Non-inhibitor
Cc1ccccc1[C@H](CC(=O)O)NC(=O)c1cccc(-c2c(C)noc2C)n1,CHEMBL3682845,3.6076599999999996,5,2,6,3,379.416,Non-inhibitor,Non-inhibitor
C[C@H](NS(=O)(=O)c1ccc(-c2sc(C(=O)N[C@H]3C[C@H](C(=O)O)C3)nc2CC2CCC2)c2ccccc12)C(F)(F)F,CHEMBL4129634,5.127999999999999,6,3,9,5,595.665,Non-inhibitor,Non-inhibitor
Cn1c(CNc2ccc(C(=N)N)cc2F)nc2cc(C(=O)N(CCC(=O)O)c3cccc(F)c3)ccc21,CHEMBL3415059,3.8691699999999996,6,4,9,4,506.51300000000003,Non-inhibitor,Non-inhibitor
COc1ccc2c(c1)C(=O)N(C[C@@]1(C#Cc3ccc(-c4cnccc4C)nc3)NC(=O)NC1=O)C2,CHEMBL3640372,2.04632,6,3,4,5,467.485,Non-inhibitor,Non-inhibitor
COc1ccc(-n2c(Sc3nnc(N)s3)nc3ccc(C)cc3c2=O)cc1,CHEMBL3326811,3.2876199999999995,5,1,4,4,397.485,Non-inhibitor,Non-inhibitor
CN(C)C(=O)N1C[C@H]2C[C@@H](NCC(=O)N3CCC[C@H]3C#N)C[C@H]2C1,CHEMBL1085269,0.48258,2,4,3,3,333.436,Non-inhibitor,Non-inhibitor
CS(=O)(=O)c1ccc(-c2[nH]ncc2-c2ccc(F)cc2)cc1,CHEMBL303891,3.2863,4,2,3,3,316.357,Non-inhibitor,Non-inhibitor
N[C@@H](CCSC[C@H]1NC(O)[C@H](O)[C@@H]1O)C(=O)O,CHEMBL1818669,-2.4664,5,6,6,1,266.319,Non-inhibitor,Non-inhibitor
CC(C)OCCN1CC(C(=O)NCCCc2ccc(Cl)c(Cl)c2)=C(O)C1=O,CHEMBL3945066,3.1215,4,3,9,2,415.31699999999995,Non-inhibitor,Non-inhibitor
N#Cc1nc(NCCCCO)nc(Nc2ccccc2)n1,CHEMBL567137,1.6712799999999999,4,3,7,2,284.323,Non-inhibitor,Non-inhibitor
CC1CCCC(C)N1CCCCCN1C(=O)C(c2ccccc2)Oc2ccccc21,CHEMBL132528,5.5865,2,1,7,4,406.57,Non-inhibitor,Non-inhibitor
Cc1ccc(NC(=O)NCCCN2CCOCC2)cc1Nc1nccc(-c2cccnc2)n1,CHEMBL184907,3.43442,5,4,8,4,447.543,Non-inhibitor,Non-inhibitor
Cc1cc(C)cc(Cn2nc(-c3nc(CN)no3)c3ccccc32)c1,CHEMBL448430,3.21014,3,1,4,4,333.395,Non-inhibitor,Non-inhibitor
CSc1nc(-c2ccc(F)cc2)c(-c2ccnc(NCCCO)c2)[nH]1,CHEMBL481100,3.7939999999999996,4,4,7,3,358.44199999999995,Non-inhibitor,Non-inhibitor
O=c1[nH]c2ccccc2n1C1CCN(Cc2ccc(-c3nc4cc5[nH]cnc5cc4nc3-c3ccccc3)cc2)CC1,CHEMBL258844,6.3202,4,5,5,8,551.654,Non-inhibitor,Non-inhibitor
Cc1ccc(C(=O)Nc2ccc(Cl)cc2Cl)cc1[N+](=O)[O-],CHEMBL551683,4.46232,1,1,3,2,325.151,Non-inhibitor,Non-inhibitor
O=C1OC[C@H]2[C@@H]1Cc1c(F)cccc1[C@@H]2/C=C/c1ccc(-c2cccc(Cl)c2)cn1,CHEMBL232536,5.6834,4,0,3,5,419.88300000000004,Non-inhibitor,Non-inhibitor
CN1CC=C2CC[C@H]3[C@@H]4CC=C(n5ccnc5)[C@@]4(C)CC[C@@H]3[C@@]2(C)CC1,CHEMBL3963407,4.8384,1,1,1,5,351.538,Non-inhibitor,Non-inhibitor
O=C1Nc2c(Br)cccc2C2(CCCCC2)N1,CHEMBL185360,3.7436,1,2,0,3,295.18,Non-inhibitor,Non-inhibitor
CC(C)Nc1nc2ccccc2c(=O)o1,CHEMBL430432,2.0083,2,1,2,2,204.229,Non-inhibitor,Non-inhibitor
CCCCc1oc2ccccc2c1Cc1ccc2c(Br)c(OCn3cnnn3)ccc2c1,CHEMBL26100,6.3049,4,0,8,5,491.389,Non-inhibitor,Non-inhibitor
Cc1csc(NC(=O)N2CCC(n3ccc4ccccc43)CC2)n1,CHEMBL3093865,4.27522,2,2,2,4,340.452,Non-inhibitor,Non-inhibitor
O=C(N1CCC=C[C@@H]1COCc1ccccc1)n1ccc(-c2ccc(-c3ccccc3)cc2)n1,CHEMBL4286853,6.0325,3,1,6,5,449.55400000000003,Non-inhibitor,Non-inhibitor
C[C@@H](CO)NC(=O)[C@@H]1C=C2c3cccc4[nH]cc(c34)C[C@H]2N(C)C1,CHEMBL119443,1.5346,2,4,3,4,325.41200000000003,Non-inhibitor,Non-inhibitor
O=c1[nH]c(-c2c[nH]nc2-c2ccccc2)nc2ccccc12,CHEMBL4167493,2.9802,3,4,2,4,288.31,Non-inhibitor,Non-inhibitor
Cc1cccc(NCC(=O)N/N=C/c2cc(Br)c(O)c(O)c2Br)c1,CHEMBL3617028,3.4934199999999995,3,4,5,2,457.12199999999996,Non-inhibitor,Non-inhibitor
O=C(CC(=O)c1ccc(C(F)(F)F)cc1)C(=O)NC1CCC(NC(=O)C(=O)CC(=O)c2ccc(C(F)(F)F)cc2)CC1,CHEMBL505776,4.2518,6,2,10,3,598.496,Non-inhibitor,Non-inhibitor
O=C(COc1ccc([N+](=O)[O-])cc1)NCCC1=CCCCC1,CHEMBL1493564,2.9803,2,1,7,2,304.346,Non-inhibitor,Non-inhibitor
Cc1cc(Nc2cc(C(F)(F)F)ccn2)nc(-c2ccc(C3(O)CCN(C(=O)c4ccc5cc[nH]c5c4)CC3)nc2)c1,CHEMBL3937610,6.214519999999999,5,4,5,6,572.591,Non-inhibitor,Non-inhibitor
OC(=O)c1ccccc1NC(=O)c2ccc(cc2)N3C(=O)c4ccc(Oc5ccc(cc5)[N+](=O)[O-])cc4C3=O,timbal,5.1382,6,2,7,5,523.457,Non-inhibitor,Non-inhibitor
NC(=N)NCCC[C@@H]1NC(=O)[C@@H]2CC[C@H]3CCC[C@@H](NC(=O)[C@H](CC(=O)O)NC(=O)CNC1=O)C(=O)N23,timbal,-3.14793,7,9,6,3,522.563,Non-inhibitor,Non-inhibitor
CC(CC(=O)O)Cc1ccc(OCCCNc2ccccn2)cc1,timbal,3.6159,4,2,10,2,328.412,Non-inhibitor,Non-inhibitor
CC1(C)[C@@H]2CC[C@@]1(CS(=O)(=O)N[C@@H](CNC(=O)c3ccc(CCc4ccc5CCCNc5n4)cc3)C(=O)O)C(=O)C2,timbal,2.7227,7,4,11,5,582.7230000000001,Non-inhibitor,Non-inhibitor
OC(=O)[C@H](CNC(=O)C1CCCn2c(\C=C\C3CCNCC3)nnc12)NC(=O)Cc4cccnc4,timbal,0.4916,7,4,9,4,481.55699999999996,Non-inhibitor,Non-inhibitor
N\C(=N/Cc1ccncc1)\Nc2cccc(c2)C(=O)N3CCC(CC3)C(=O)NC(CC(=O)O)c4ccc5OCOc5c4,timbal,2.9215,7,5,9,5,572.622,Non-inhibitor,Non-inhibitor
C[C@]1(CCCN1S(=O)(=O)c2cc(Cl)cc(Cl)c2)C(=O)N[C@@H](Cc3ccc(NC(=O)C4=C(Cl)CC(=O)N=C4Cl)cc3)C(=O)O,timbal,4.3477,7,3,9,4,690.3889999999999,Non-inhibitor,Non-inhibitor
CC(C)[C@@H]1N(C)C(=O)[C@@H](Cc2ccccc2)NC(=O)[C@H](CC(=O)O)NC(=O)CNC(=O)[C@H](CCCNC(=N)N)NC1=O,timbal,-1.96573,7,9,9,2,588.6659999999999,Non-inhibitor,Non-inhibitor
OC(=O)[C@H](CNC(=O)c1cccs1)NC(=O)c2c(Cl)cc3CN(CCc3c2Cl)C(=O)c4oc5ccccc5c4,timbal,4.6126,5,4,7,5,586.453,Non-inhibitor,Non-inhibitor
CN1C(=O)CN(CCC(=O)O)C(=O)c2cc(ccc12)C#Cc3ccc(cc3)C(=N)N,timbal,1.26377,4,4,4,3,404.426,Non-inhibitor,Non-inhibitor
CC1(CC1CC(=O)O)c2ccc(OCCc3ccc4CCCNc4n3)cc2,timbal,3.8135,4,2,7,4,366.461,Non-inhibitor,Non-inhibitor
OC(=O)[C@@H](N1[C@@H](c2ccc(Cl)nc2)C(=O)Nc2ccc(I)cc2C1=O)c1ccc(Cl)cc1,ippidb,4.9545,5,3,4,4,582.181,Non-inhibitor,Non-inhibitor
OCC1(COC2(N(Cc3ccc(cc3)[N+](=O)[O-])C(=O)c4ccccc24)c5ccc(Cl)cc5)CC1,timbal,4.8944,3,2,8,5,478.93199999999996,Non-inhibitor,Non-inhibitor
NCCCCC(CN(C(CCC(=O)O)CN(CCC(=O)N)C(=O)NCCCc1ccc(Br)cc1)C(=O)NCCc2ccc(Br)cc2)N(CC(CCC(=O)O)NC(=O)N)C(=O)NCCCc3ccc(Br)cc3,timbal,6.3251,9,12,33,3,1181.864,Non-inhibitor,Non-inhibitor
OC(=O)CCCCN1c2ccc(I)cc2C(=O)N([C@@H](C(O)=O)c2ccc(Cl)cc2)[C@@H](c2ccc(Cl)cc2)C1=O,ippidb,6.2089,6,3,9,4,681.31,Non-inhibitor,Non-inhibitor
COc1ccc(C2=N[C@H]([C@H](N2C(=O)N2CCNC(=O)C2)c2ccc(Cl)cc2)c2ccc(Cl)cc2)c(OC(C)C)c1,ippidb,5.8858,4,3,6,5,581.5,Non-inhibitor,Non-inhibitor
CN1c2ncnn2[C@H](C2=C1c1ccccc1O[C@@H]2c1ccc(Br)cc1)c1ccc(cc1)C#N,ippidb,5.49648,3,0,2,6,496.36800000000005,Non-inhibitor,Non-inhibitor
CCOc1cc(ccc1C1=N[C@@](C)(c2ccc(Cl)cc2)[C@](C)(N1C(=O)N1CCN(CCC(F)(F)F)CC1)c1ccc(Cl)cc1)C(C)(C)C,ippidb,9.2726,2,3,7,5,703.677,Non-inhibitor,Non-inhibitor
CC(C)(C)C[C@H]1N[C@H]([C@H](c2cccc(Cl)c2)[C@]11C(=O)Nc2cc(Cl)ccc12)C(=O)NCC[C@H](O)CO,ippidb,3.6032,4,5,7,4,534.484,Non-inhibitor,Non-inhibitor
C[C@@H](N1[C@@H](c2ccc(Cl)cc2)C(=O)N(CCN2CCOCC2)c2ccc(I)cc2C1=O)c1ccc(Cl)cc1,ippidb,6.2215,3,2,6,5,664.3710000000001,Non-inhibitor,Non-inhibitor
CN(C)CCNC(=O)[C@@H](N1[C@@H](c2ccc(Cl)cc2)C(=O)Nc2ccc(I)cc2C1=O)c1ccc(Cl)cc1,ippidb,5.1527,3,4,7,4,651.332,Non-inhibitor,Non-inhibitor
COc1cc(ccc1NC(=O)C1NC(CC(C)(C)C)C2(C1c1cccc(Cl)c1F)C(=O)Nc1cc(Cl)sc21)C(O)=O,ippidb,6.2898,6,4,6,5,620.53,Non-inhibitor,Non-inhibitor
OC1(N(Cc2ccc(cc2)[N+](=O)[O-])C(=O)c3ccccc13)c4ccc(Br)cc4,timbal,4.2067,2,2,4,4,439.265,Non-inhibitor,Non-inhibitor
CN1CCN(CCNC(=O)[C@@H]2N[C@H](CC(C)(C)C)[C@]3([C@H]2c2cccc(Cl)c2F)C(=O)Nc2cc(Cl)ccc32)CC1,ippidb,4.2464,3,5,6,5,590.571,Non-inhibitor,Non-inhibitor
COc1cc(ccc1NC(=O)C1NC(CC(C)(C)C)C2(C1c1cccc(Cl)c1F)C(=O)Nc1ccncc21)C(N)=O,ippidb,4.3706,6,4,6,5,580.06,Non-inhibitor,Non-inhibitor
CCC(N1[C@@H]([C@H](C[C@](C)(CC(O)=O)C1=O)c1cccc(Cl)c1)c1ccc(Cl)cc1)c1ccccn1,ippidb,7.0779,4,2,7,4,511.449,Non-inhibitor,Non-inhibitor
Nc1nnc(o1)-c1nc(C2CCCCC2)n(c1-c1ccc(F)c(Cl)c1)-c1c(CC(=O)Nc2ccccc2)ccc(Cl)c1F,ippidb,7.9854,6,2,7,6,623.491,Non-inhibitor,Non-inhibitor
OC(=O)C[C@@H]1C[C@H]([C@H](N(CC2CC2)C1=O)c1ccc(Cl)cc1)c1cccc(Cl)c1,ippidb,5.5515,3,2,6,4,432.347,Non-inhibitor,Non-inhibitor
CN1CCN(CCCCN2c3ccc(I)cc3C(=O)N(Cc3ccc(Cl)cc3N)[C@@H](c3ccc(Cl)cc3)C2=O)CC1,ippidb,5.9381,2,4,8,5,706.456,Non-inhibitor,Non-inhibitor
COCCOc1ccccc1N1CCN(CC1)C(=O)[C@@]1(CCCN([C@H]1CC=C)C(=O)c1cnccc1C(F)(F)F)Oc1ccc(cc1)C(F)(F)F,ippidb,6.4917,6,2,11,5,720.711,Non-inhibitor,Non-inhibitor
OCC[C@@H]1O[C@H]([C@H](N(CC2CC2)C1=O)c1ccc(Cl)cc1)c1cccc(Cl)c1,ippidb,4.7956,3,2,6,4,420.336,Non-inhibitor,Non-inhibitor
CC(C)(C)C[C@H]1N[C@H]([C@H](c2cccc(Cl)c2F)[C@]11C(=O)Nc2cc(Cl)ccc12)C(=O)NCC[C@H](O)CO,ippidb,3.7423,5,5,7,4,552.474,Non-inhibitor,Non-inhibitor
CC[C@@H]([C@H](C)O)N1[C@@H]([C@H](C[C@](C)(CC(O)=O)C1=O)c1cccc(Cl)c1)c1ccc(Cl)cc1,ippidb,5.691,4,3,7,3,478.416,Non-inhibitor,Non-inhibitor
CCC1=C(SC2=N[C@H]([C@H](N12)c3ccc(Cl)cc3)c4ccc(Cl)cc4)C(=O)N5CCNC(=O)C5,timbal,4.7742,2,3,4,5,501.439,Non-inhibitor,Non-inhibitor
COc1cc2CCN3C(C4CCCC(N4C(=O)C(=O)c5ccc(Cl)cc5)C3=O)c2c(OC)c1,timbal,3.4292,5,2,4,5,468.93699999999995,Non-inhibitor,Non-inhibitor
COc1cc2CCN3C(C4CCCC(N4S(=O)(=O)c5ccc(cc5)C#N)C3=O)c2c(OC)c1,timbal,2.62688,5,1,4,5,467.54699999999997,Non-inhibitor,Non-inhibitor
O=C(OCCCc1ccccc1)[C@@H]2CCCN2C(=O)NC34C[C@@H]5C[C@@H](C[C@@H](C5)C3)C4,timbal,4.3052,3,2,6,6,410.55800000000005,Non-inhibitor,Non-inhibitor
COc1ccc2C3C4CCCC(N4C(=O)C(=O)c5cc(OC)c(OC)c(OC)c5)C(=O)N3CCc2c1,timbal,2.793,7,2,6,5,494.54400000000004,Non-inhibitor,Non-inhibitor
CCC(C)(C)C(=O)C(=O)N1CCCC[C@H]1C(=O)CCCCc2ccccc2,timbal,4.3549,3,1,9,2,371.52099999999996,Non-inhibitor,Non-inhibitor
CC[C@H](C(=O)N1CCCC[C@H]1C(=O)O[C@H](CCc2cccnc2)c3cccc(OCC(=O)O)c3)c4cc(OC)c(OC)c(OC)c4,timbal,5.3628,10,2,15,4,634.726,Non-inhibitor,Non-inhibitor
COc1cc(CCCOC(=O)C2CCCCN2S(=O)(=O)c3ccccc3)cc(OC)c1OC,timbal,3.4316,7,0,10,3,477.579,Non-inhibitor,Non-inhibitor
COc1ccc(CCCOC(=O)C2CCCCN2S(=O)(=O)c3ccccc3)cc1,timbal,3.4144,5,0,8,3,417.527,Non-inhibitor,Non-inhibitor
COc1cc2CCN3C(C4CCCC(N4C(=O)N(c5ccccc5C)c6ccccc6C)C3=O)c2c(OC)c1,timbal,5.94144,4,2,4,6,525.649,Non-inhibitor,Non-inhibitor
Clc1ccc(CCCOC(=O)[C@@H]2CCCN2C(=O)NC34C[C@@H]5C[C@@H](C[C@@H](C5)C3)C4)cc1,timbal,4.9586,3,2,6,6,445.00300000000004,Non-inhibitor,Non-inhibitor
O=C(OCc1ccccc1)[C@@H]2CCCN2C(=O)NC34C[C@@H]5C[C@@H](C[C@@H](C5)C3)C4,timbal,3.8726,3,2,4,6,382.504,Non-inhibitor,Non-inhibitor
Fc1ccc(CCCOC(=O)C2CCCCN2S(=O)(=O)c3ccccc3)cc1,timbal,3.5449,5,0,7,3,405.491,Non-inhibitor,Non-inhibitor
CC(C)(CO)CNC(=O)N1CCCC[C@H]1C(=O)OCc2ccccc2,timbal,2.3124,4,3,6,2,348.44300000000004,Non-inhibitor,Non-inhibitor
CC1(CNC(=O)N2CCCC[C@H]2C(=O)OCc3ccccc3)CCCC1,timbal,3.8742,3,2,5,3,358.48199999999997,Non-inhibitor,Non-inhibitor
COc1ccc2C3C4CCCC(N4S(=O)(=O)Nc5ccc(F)nc5)C(=O)N3CCc2c1,timbal,2.2487,6,2,4,5,446.504,Non-inhibitor,Non-inhibitor
Brc1ccc(CCCOC(=O)C2CCCCN2S(=O)(=O)Cc3ccccc3)cc1,timbal,4.3094,4,0,8,3,480.42400000000004,Non-inhibitor,Non-inhibitor
COc1ccc2C3C4CCCC(N4S(=O)(=O)Nc5cc(F)c(F)c(F)c5)C(=O)N3CCc2c1,timbal,3.1319,7,2,4,5,481.496,Non-inhibitor,Non-inhibitor
COc1cc2CCN3C(C4CCCC(N4C(=O)C(=O)c5cc(Cl)ccc5Cl)C3=O)c2c(OC)c1,timbal,4.0826,5,2,4,5,503.38199999999995,Non-inhibitor,Non-inhibitor
COc1cc(CCCOC(=O)C2CCCCN2S(=O)(=O)Cc3ccccc3)cc(OC)c1,timbal,3.5641,6,0,10,3,461.58,Non-inhibitor,Non-inhibitor
CCCCC(=O)[C@@H]1CCCN1C(=O)C(=O)C(C)(C)CC,timbal,2.742,3,1,7,1,281.39599999999996,Non-inhibitor,Non-inhibitor
CCC(C)(C)C(=O)C(=O)N1CCCC[C@H]1C(=O)CCCCCc2cccnc2,timbal,4.14,4,1,10,2,386.536,Non-inhibitor,Non-inhibitor
O=C(Nc1ccccc1)N2CCC[C@H]2C(=O)OCCc3ccccc3,timbal,3.4688,3,2,5,3,338.407,Non-inhibitor,Non-inhibitor
C[C@@H](NC(=O)N1CCC[C@H]1C(=O)OCCCc2ccc(F)cc2)c3ccccc3,timbal,4.2367,4,2,7,3,398.478,Non-inhibitor,Non-inhibitor
COc1cc2CCN3C(C4CCCC(N4C(=O)C(=O)c5ccc(Cl)c(Cl)c5)C3=O)c2c(OC)c1,timbal,4.0826,5,2,4,5,503.38199999999995,Non-inhibitor,Non-inhibitor
CC[C@H](N)C(=O)N[C@H]1[C@@H](CN(CC)CC)CC[C@H]2CC[C@H](N2C1=O)C(=O)NC(c1ccccc1)c1ccccc1,ippidb,3.2257,3,5,11,4,547.744,Non-inhibitor,Non-inhibitor
CN[C@@H](C)C(=O)N[C@@H](C1CCCCC1)C(=O)N1CCC[C@H]1c1nc2c(cccc2s1)-c1ccccc1F,ippidb,5.4389,4,3,7,5,522.69,Non-inhibitor,Non-inhibitor
CN[C@@H](C)C(=O)N[C@@H](C1CCCCC1)C(=O)N1CC[C@@H]2[C@H]1[C@H](CN2C(C)=O)c1c[nH]c2ccc(F)cc12,ippidb,2.8952,4,5,6,5,511.642,Non-inhibitor,Non-inhibitor
CN[C@@H](C)C(=O)N[C@H]1CCCC[C@H]2CC[C@H](N2C1=O)C(=O)NC(c1ccccc1)c1ccccc1,ippidb,2.9185,3,4,7,4,476.621,Non-inhibitor,Non-inhibitor
CCNC(=O)NC[C@H]1CC[C@H]2CC[C@H](N2C(=O)[C@H]1NC(=O)[C@@H](N)CC)C(=O)NC(c1ccccc1)c1ccccc1,ippidb,2.2030000000000003,4,6,10,4,562.715,Non-inhibitor,Non-inhibitor
CN[C@@H](C)C(=O)N[C@@H](C(C)C)C(=O)N1CC[C@@H]2[C@H]1[C@H](CN2C(C)=O)c1c[nH]c2cc(F)ccc12,ippidb,1.9709,4,5,6,4,471.577,Non-inhibitor,Non-inhibitor
CC[C@H](N)C(=O)N[C@@H]1CCC[C@H]2CC[C@H](N2C1=O)C(=O)NC(c1ccccc1)c1ccccc1,ippidb,2.6578,3,4,7,4,462.594,Non-inhibitor,Non-inhibitor
CN[C@@H](C)C(=O)N[C@@H](C1CCCCC1)C(=O)N1CC[C@@H]2[C@H]1[C@H](CN2Cc1ccncc1)c1c[nH]c2cc(F)ccc12,ippidb,3.9439,4,5,8,6,560.7180000000001,Non-inhibitor,Non-inhibitor
CN[C@@H](C)C(=O)N[C@@H]([C@@H](C)OC)C(=O)N1CC[C@@H]2[C@H]1[C@H](CN2C(C)=O)c1c[nH]c2ccc(F)cc12,ippidb,1.3498,5,5,7,4,487.57599999999996,Non-inhibitor,Non-inhibitor
C[C@H](N)C(=O)N[C@H](C(=O)N1CCC[C@H]1C(=O)N[C@@H]1CCCc2ccccc12)C(C)(C)C,ippidb,2.0493,3,4,5,3,428.577,Non-inhibitor,Non-inhibitor
CN[C@@H](C)C(=O)N[C@@H](C1CCOCC1)C(=O)N1CCC[C@H]1c1nc(c(s1)C#CCO)-c1cccc2ccccc12,ippidb,3.4899,5,4,7,5,560.72,Non-inhibitor,Non-inhibitor
CN[C@@H](C)C(=O)N[C@@H]([C@@H](C)O)C(=O)N1CC[C@@H]2[C@H]1[C@H](CN2c1ncccn1)c1c[nH]c2cc(F)ccc12,ippidb,1.1438,6,5,7,5,509.586,Non-inhibitor,Non-inhibitor
CN[C@@H](C)C(=O)N[C@@H](C1CCCCC1)C(=O)N1CCC[C@H]1c1nc(cs1)-c1cccc2ccccc12,ippidb,5.2998,3,3,7,5,504.7,Non-inhibitor,Non-inhibitor
Cc1onc(C)c1c2ccc(C)c(c2)S(=O)(=O)NC3CCCC3,timbal,3.4877599999999997,3,1,4,3,334.441,Non-inhibitor,Non-inhibitor
Cc1onc(C)c1c2ccc(C)c(c2)S(=O)(=O)N3CCCC3,timbal,3.05136,3,0,3,3,320.414,Non-inhibitor,Non-inhibitor
COc1ccc(cc1S(=O)(=O)Nc2ccccc2)c3c(C)onc3C,timbal,3.76784,4,1,5,3,358.41900000000004,Non-inhibitor,Non-inhibitor
Cc1onc(C)c1c2ccc(C)c(c2)S(=O)(=O)NCc3ccccc3,timbal,3.74536,3,1,5,3,356.44699999999995,Non-inhibitor,Non-inhibitor
COc1ccc(cc1S(=O)(=O)Nc2ccccc2Cl)c3c(C)onc3C,timbal,4.42124,4,1,5,3,392.86400000000003,Non-inhibitor,Non-inhibitor
COc1ccc(cc1S(=O)(=O)NC2CC2)c3c(C)onc3C,timbal,2.40774,4,1,5,3,322.38599999999997,Non-inhibitor,Non-inhibitor
COc1ccc(NS(=O)(=O)c2cc(ccc2C)c3c(C)onc3C)cc1,timbal,4.0762599999999996,4,1,5,3,372.44599999999997,Non-inhibitor,Non-inhibitor
COc1ccc(cc1S(=O)(=O)N(C)C2CCCC2)c3c(C)onc3C,timbal,3.5301400000000003,4,0,5,3,364.467,Non-inhibitor,Non-inhibitor
Cc1onc(C)c1c2cccc(c2)S(=O)(=O)NC3CC3,timbal,2.39914,3,1,4,3,292.36,Non-inhibitor,Non-inhibitor
CCN(C1CCCC1)S(=O)(=O)c2cc(ccc2OC)c3c(C)onc3C,timbal,3.92024,4,0,6,3,378.494,Non-inhibitor,Non-inhibitor
Cc1nnc2[C@H](NC(=O)OCc3ccccc3)N=C(c4ccccc4)c5ccccc5n12,timbal,4.351719999999999,4,1,4,5,423.476,Non-inhibitor,Non-inhibitor
Cc1onc(C)c1c2ccc(C)c(c2)S(=O)(=O)Nc3ccc(Cl)cc3,timbal,4.72106,3,1,4,3,376.865,Non-inhibitor,Non-inhibitor
Cn1c2ccc(cc2nn1)[C@@H](CC(=O)O)c3ccc(cc3)Cl,2p2idb,3.2283,4,1,4,3,315.76,Non-inhibitor,Non-inhibitor
Cn1c2ccc(cc2nn1)[C@@H](CC(=O)O)c3ccc(c(c3)CN(C)S(=O)(=O)C)Cl,2p2idb,2.6197,6,1,7,3,436.921,Non-inhibitor,Non-inhibitor
CCn1c2ccc(c(c2nn1)C)[C@@H](CC(=O)O)c3cc(c4c(c3)CN(CC4)C(=O)c5ccccc5)C,2p2idb,4.87314,5,2,6,5,482.584,Non-inhibitor,Non-inhibitor
c1ccc2c(c1)CCN([C@@H]2CN3C(=O)c4ccccc4C3=O)C(=O)[C@@H]5CCCC[C@H]5C(=O)O,2p2idb,3.2996,5,3,4,5,446.50300000000004,Non-inhibitor,Non-inhibitor
COc1ccc(cc1)S(=O)(=O)Nc1ccc(NS(=O)(=O)c2ccc(OC)cc2)c2ccccc12,ippidb,4.4586,6,2,8,4,498.582,Non-inhibitor,Non-inhibitor
c1cc(cc(c1)OCC(=O)O)CNC(=O)Nc2nnc(o2)c3ccco3,2p2idb,2.1147,6,3,7,3,358.31,Non-inhibitor,Non-inhibitor
Cc1ccc(cc1CN2CCOc3ccccc3S2(=O)=O)[C@H](CC(=O)O)c4cc5c(c(c4)OC)n(nn5)C,2p2idb,3.4752199999999998,8,1,7,5,536.61,Non-inhibitor,Non-inhibitor
Cc1ccc(cc1CN(C)S(=O)(=O)c2ccccc2)[C@H](CC(=O)O)c3cc4c(c(c3)OC)n(nn4)C,2p2idb,3.71262,7,1,9,4,508.6,Non-inhibitor,Non-inhibitor
Cc1cc(ccc1Cl)[C@H](CC(=O)O)c2ccc3c(c2)nnn3C,2p2idb,3.53672,4,1,4,3,329.787,Non-inhibitor,Non-inhibitor
c1cc(ccc1[C@H](CC(=O)O)C2=CC(=O)NC=C2)Cl,2p2idb,2.6349,3,2,4,2,277.707,Non-inhibitor,Non-inhibitor
c1ccc(cc1)S(=O)(=O)N,2p2idb,0.33399999999999996,2,1,1,1,157.194,Non-inhibitor,Non-inhibitor
OC(C1CCN(CCCOc2ccc(cc2)C#N)CC1)(c1ccccc1)c1ccccc1,ippidb,4.975280000000001,2,2,8,4,426.56,Non-inhibitor,Non-inhibitor
N[C@](C1CCCC1)(C1CCN(CCCOc2ccc(cc2)C#N)CC1)c1ccccc1,ippidb,5.08358,1,2,8,4,417.597,Non-inhibitor,Non-inhibitor
O[C@@](C1CCCC1)(C1CCN(CCCOc2ccc(cc2)C#N)CC1)c1cccc(F)c1,ippidb,5.25628,3,2,8,4,436.57099999999997,Non-inhibitor,Non-inhibitor
